Station:,"51.9909,-115.0957",,,,Station ID:,239,,Begin Yr:,1949,,,,,,,,,,,,,,,,,,,,,,,,,,,,,,,,,,,,,,,,,,,,,,,,,,,,,,,,,,,,,,,,,,,,,,,,,,,,,,,
Lat:,51.99089813,Lon:,-115.0957031,,Country:,Canada,,End Yr:,2011,,,,,,,,,,,,,,,,,,,,,,,,,,,,,,,,,,,,,,,,,,,,,,,,,,,,,,,,,,,,,,,,,,,,,,,,,,,,,,,
Trend (/yr):,,,,,,,,,,,,,,,,,,,,,,,,,,,,,,,,,,,,,,,,,,,,,,,,,,,,,,,,,,,,,,,,,,,,,,,,,,,,,,,,,,,,,,,,
Significance:,,,,,,,,,,,,,,,,,,,,,,,,,,,,,,,,,,,,,,,,,,,,,,,,,,,,,,,,,,,,,,,,,,,,,,,,,,,,,,,,,,,,,,,,
Year,01TMEAN,01TMEAN Trendline,02TWinter,02TWinter Trendline,03TSpring,03TSpring Trendline,04TSummer,04TSummer Trendline,05TFall,05TFall Trendline,06TRange,06TRange Trendline,21FrostDays,21FrostDays Trendline,22FrostLast,22FrostLast Trendline,23FrostFirst,23FrostFirst Trendline,24IceDays,24IceDays Trendline,25Tmin10,25Tmin10 Trendline,26Tmin20,26Tmin20 Trendline,27ColdNights,27ColdNights Trendline,28ColdDays,28ColdDays Trendline,29ColdSpell,29ColdSpell Trendline,30HeatingDD,30HeatingDD Trendline,40Tmax90,40Tmax90 Trendline,41SummerDays,41SummerDays Trendline,42Tmax30,42Tmax30 Trendline,43HWDI,43HWDI Trendline,44TropNight,44TropNight Trendline,45Tmin90,45Tmin90 Trendline,46FrostFree,46FrostFree Trendline,47CoolingDD,47CoolingDD Trendline,61GSL,61GSL Trendline,62GSLBegin,62GSLBegin Trendline,63GSLEnd,63GSLEnd Trendline,64GDD0,64GDD0 Trendline,65GDD5,65GDD5 Trendline,66GDD10,66GDD10 Trendline,81PAnnual,81PAnnual Trendline,82PWinter,82PWinter Trendline,83PSpring,83PSpring Trendline,84PSummer,84PSummer Trendline,85PFall,85PFall Trendline,86Pge2,86Pge2 Trendline,87Pge10,87Pge10 Trendline,88Pge20,88Pge20 Trendline,89P3days,89P3days Trendline,90P5days,90P5days Trendline,91SDPI,91SDPI Trendline,92Pge95,92Pge95 Trendline,93DryPeriod,93DryPeriod Trendline,94PDays1,94PDays1 Trendline
1949,,,,,,,,,,,,,,,,,,,,,,,,,,,,,,,,,,,,,,,,,,,,,,,,,,,,,,,,,,,,,,,,,,,,,,,,,,,,,,,,,,,,,,,,
1950,-0.20,1.23,-16.00,-10.81,4.47,5.24,12.59,11.97,-3.90,-1.81,74.18,67.15,242.00,223.21,160.00,156.35,250.00,248.25,100.00,83.45,120.00,106.25,53.00,41.28,16.44,11.18,13.70,10.85,6.00,8.17,6644.89,6119.81,8.22,8.02,20.00,11.69,0.00,0.00,8.00,14.16,0.00,0.00,3.56,8.71,89.00,89.11,0.00,0.00,142.00,158.33,129.00,123.36,270.00,281.00,1656.43,1727.91,952.73,952.76,357.36,307.92,444.65,580.87,72.61,81.35,86.30,153.13,177.36,224.36,102.93,87.38,92.00,82.46,5.00,12.00,0.00,3.00,30.03,54.84,33.46,62.03,4.00,5.15,0.00,18.85,26.00,19.40,110.00,111.61
1951,-0.34,1.26,-13.14,-10.73,5.38,5.24,11.50,11.98,-4.45,-1.80,69.32,67.14,223.00,223.26,180.00,156.44,254.00,248.20,116.00,83.09,136.00,105.93,57.00,41.02,18.08,11.11,17.26,10.83,0.00,8.35,6694.61,6110.92,4.38,8.10,6.00,11.77,0.00,0.00,7.00,14.37,0.00,0.00,6.85,8.76,73.00,89.00,0.00,0.00,143.00,158.50,123.00,123.27,265.00,281.00,1521.46,1728.05,826.55,952.78,272.29,308.73,714.60,580.22,103.36,80.69,212.07,153.41,254.99,224.75,142.70,86.83,117.00,82.25,14.00,12.00,2.00,3.00,62.50,54.89,66.09,62.09,5.17,5.15,16.88,18.91,16.00,19.50,138.00,111.52
1952,2.48,1.28,-12.03,-10.66,6.71,5.25,12.03,11.98,1.19,-1.79,65.50,67.13,207.00,223.32,169.00,156.53,242.00,248.16,77.00,82.73,96.00,105.61,30.00,40.76,6.03,11.05,4.66,10.81,17.00,8.54,5664.45,6102.03,8.22,8.17,11.00,11.85,0.00,0.00,21.00,14.58,0.00,0.00,10.41,8.82,72.00,88.89,0.00,0.00,207.00,158.67,103.00,123.18,309.00,281.00,2065.17,1728.19,1076.59,952.79,314.41,309.55,451.33,579.58,66.11,80.02,138.09,153.68,235.51,225.14,18.55,86.28,68.00,82.05,7.00,12.00,3.00,3.00,63.90,54.94,63.90,62.16,5.46,5.14,17.84,18.97,38.00,19.60,82.00,111.43
1953,2.95,1.31,-7.51,-10.58,4.48,5.26,12.30,11.99,1.66,-1.78,63.48,67.12,216.00,223.37,144.00,156.63,263.00,248.11,62.00,82.36,87.00,105.29,12.00,40.49,3.01,10.98,6.30,10.79,21.00,8.72,5496.07,6093.14,8.49,8.24,12.00,11.92,0.00,0.00,21.00,14.79,0.00,0.00,10.14,8.87,118.00,88.77,0.00,0.00,180.00,158.83,123.00,123.09,302.00,281.00,1844.12,1728.33,967.08,952.81,292.01,310.36,609.26,578.93,100.97,79.36,243.22,153.96,225.70,225.53,29.04,85.73,102.00,81.84,11.00,12.00,1.00,3.00,33.83,54.99,48.08,62.22,5.09,5.14,10.48,19.04,42.00,19.70,119.00,111.35
1954,1.36,1.33,-9.36,-10.51,1.28,5.26,11.81,11.99,1.85,-1.77,69.96,67.11,202.00,223.42,127.00,156.72,260.00,248.06,81.00,82.00,91.00,104.97,33.00,40.23,12.33,10.92,16.71,10.77,42.00,8.91,6075.35,6084.24,6.85,8.32,5.00,12.00,0.00,0.00,27.00,15.00,0.00,0.00,13.97,8.93,132.00,88.66,0.00,0.00,138.00,159.00,133.00,123.00,270.00,281.00,1504.49,1728.47,818.03,952.82,244.73,311.17,709.91,578.28,106.01,78.70,264.12,154.24,313.83,225.92,33.04,85.19,115.00,81.64,13.00,12.00,4.00,3.00,59.40,55.04,79.33,62.29,5.36,5.13,19.16,19.10,30.00,19.80,132.00,111.26
1955,0.07,1.36,-9.56,-10.43,3.56,5.27,12.91,12.00,-6.66,-1.76,66.09,67.10,232.00,223.47,159.00,156.81,252.00,248.01,117.00,81.64,121.00,104.64,57.00,39.96,11.23,10.85,15.34,10.75,9.00,9.09,6556.47,6075.35,5.21,8.39,21.00,12.08,1.00,0.00,6.00,15.21,0.00,0.00,8.22,8.98,92.00,88.54,0.00,0.00,156.00,159.17,144.00,122.91,299.00,281.00,1649.04,1728.61,918.56,952.83,354.78,311.98,493.02,577.64,66.48,78.03,175.29,154.52,147.06,226.31,82.04,84.64,85.00,81.43,9.00,12.00,1.00,3.00,38.57,55.09,40.35,62.35,4.32,5.13,8.26,19.16,20.00,19.90,113.00,111.17
1956,1.46,1.38,-12.84,-10.36,5.67,5.28,12.79,12.00,-2.36,-1.76,68.73,67.09,226.00,223.53,133.00,156.91,245.00,247.96,91.00,81.27,104.00,104.32,44.00,39.70,9.86,10.79,12.05,10.73,15.00,9.27,6046.16,6066.46,11.51,8.46,20.00,12.15,1.00,0.00,26.00,15.42,0.00,0.00,11.78,9.04,111.00,88.43,0.00,0.00,161.00,159.33,126.00,122.82,286.00,281.00,1858.86,1728.75,1075.06,952.85,418.42,312.79,490.28,576.99,105.37,77.37,145.38,154.80,173.80,226.70,91.12,84.09,83.00,81.23,10.00,12.00,0.00,3.00,39.21,55.14,41.74,62.42,4.32,5.12,14.20,19.22,20.00,20.00,111.00,111.09
1957,1.43,1.41,-10.55,-10.28,6.01,5.28,11.45,12.01,-1.01,-1.75,67.07,67.08,214.00,223.58,142.00,157.00,240.00,247.92,89.00,80.91,107.00,104.00,30.00,39.44,9.86,10.72,9.86,10.71,7.00,9.46,6049.37,6057.57,5.21,8.54,4.00,12.23,0.00,0.00,16.00,15.63,0.00,0.00,9.59,9.09,97.00,88.31,0.00,0.00,159.00,159.50,117.00,122.73,275.00,281.00,1752.42,1728.90,970.10,952.86,280.57,313.61,448.00,576.34,68.03,76.71,117.08,155.08,162.94,227.09,96.55,83.54,85.00,81.03,6.00,12.00,0.00,3.00,32.56,55.19,32.56,62.48,3.74,5.11,0.00,19.28,16.00,20.10,118.00,111.00
1958,2.73,1.43,-8.19,-10.21,6.30,5.29,13.42,12.01,-1.65,-1.74,62.93,67.07,219.00,223.63,138.00,157.09,246.00,247.87,79.00,80.55,93.00,103.68,27.00,39.17,6.58,10.66,7.67,10.69,10.00,9.64,5575.14,6048.68,12.05,8.61,22.00,12.31,0.00,0.00,22.00,15.84,0.00,0.00,12.60,9.15,107.00,88.20,0.00,0.00,185.00,159.67,123.00,122.64,307.00,281.00,2029.87,1729.04,1156.18,952.88,448.50,314.42,454.81,575.70,71.09,76.04,103.00,155.36,221.88,227.48,50.77,82.99,60.00,80.82,6.00,12.00,3.00,3.00,53.97,55.24,82.77,62.55,4.19,5.11,20.86,19.34,27.00,20.20,106.00,110.91
1959,1.18,1.46,-10.04,-10.13,4.92,5.30,11.53,12.02,-1.99,-1.73,65.61,67.06,235.00,223.68,158.00,157.19,244.00,247.82,85.00,80.18,97.00,103.36,35.00,38.91,11.78,10.59,11.78,10.66,17.00,9.83,6145.18,6039.79,4.93,8.68,14.00,12.38,1.00,0.00,0.00,16.05,0.00,0.00,7.95,9.20,85.00,88.08,0.15,0.00,145.00,159.83,133.00,122.55,277.00,281.00,1520.42,1729.18,819.54,952.89,257.30,315.23,626.54,575.05,73.54,75.38,174.59,155.63,273.55,227.87,100.84,82.44,79.00,80.62,10.00,12.00,3.00,3.00,82.98,55.29,82.98,62.61,4.87,5.10,27.34,19.40,13.00,20.30,126.00,110.83
1960,1.97,1.48,-10.15,-10.06,5.43,5.30,12.99,12.02,-1.22,-1.72,66.26,67.05,218.00,223.74,145.00,157.28,251.00,247.77,88.00,79.82,103.00,103.03,36.00,38.65,5.75,10.53,3.84,10.64,0.00,10.01,5855.45,6030.89,8.77,8.76,21.00,12.46,0.00,0.00,6.00,16.26,0.00,0.00,9.32,9.26,105.00,87.97,0.00,0.00,156.00,160.00,126.00,122.45,281.00,281.00,1730.08,1729.32,956.18,952.90,342.77,316.04,394.68,574.40,80.13,74.71,105.97,155.91,151.17,228.26,65.43,81.90,62.00,80.41,6.00,12.00,0.00,3.00,29.66,55.34,32.04,62.68,3.65,5.10,0.00,19.47,19.00,20.40,104.00,110.74
1961,2.48,1.51,-5.80,-9.98,6.90,5.31,13.02,12.02,-4.68,-1.71,68.40,67.04,223.00,223.79,138.00,157.37,251.00,247.72,75.00,79.45,99.00,102.71,28.00,38.38,8.77,10.47,9.32,10.62,9.00,10.19,5676.58,6022.00,13.42,8.83,38.00,12.54,4.00,0.00,28.00,16.47,0.00,0.00,15.34,9.32,112.00,87.85,0.01,0.00,132.00,160.17,137.00,122.36,268.00,281.00,1757.83,1729.46,1105.38,952.92,509.70,316.85,546.46,573.76,71.05,74.05,129.44,156.19,257.72,228.65,89.52,81.35,74.00,80.21,16.00,12.00,4.00,3.00,59.34,55.39,61.17,62.74,4.94,5.09,17.49,19.53,14.00,20.50,107.00,110.65
1962,2.40,1.53,-9.98,-9.91,5.72,5.31,11.67,12.03,2.13,-1.70,65.18,67.03,221.00,223.84,163.00,157.47,235.00,247.67,68.00,79.09,79.00,102.39,34.00,38.12,12.60,10.40,5.48,10.60,24.00,10.38,5692.56,6013.11,11.23,8.90,13.00,12.62,0.00,0.00,29.00,16.68,0.00,0.00,12.33,9.37,71.00,87.74,0.00,0.00,172.00,160.33,107.00,122.27,278.00,281.00,1739.27,1729.60,915.44,952.93,269.07,317.67,495.69,573.11,57.13,73.39,149.18,156.47,230.86,229.04,51.73,80.80,74.00,80.00,9.00,12.00,2.00,3.00,34.75,55.44,39.87,62.81,4.44,5.09,8.63,19.59,28.00,20.60,107.00,110.57
1963,2.78,1.56,-8.16,-9.83,5.68,5.32,13.07,12.03,-1.20,-1.69,66.56,67.02,212.00,223.89,153.00,157.56,261.00,247.63,69.00,78.73,87.00,102.07,32.00,37.86,9.32,10.34,4.93,10.58,18.00,10.56,5554.94,6004.22,11.51,8.98,14.00,12.69,0.00,0.00,28.00,16.89,0.00,0.00,13.42,9.43,107.00,87.62,0.00,0.00,185.00,160.50,114.00,122.18,298.00,281.00,2022.27,1729.74,1128.90,952.95,407.47,318.48,577.60,572.46,86.99,72.72,151.28,156.75,303.33,229.43,46.01,80.25,78.00,79.80,16.00,12.00,3.00,3.00,54.36,55.49,60.50,62.87,5.67,5.08,26.94,19.65,18.00,20.70,99.00,110.48
1964,1.63,1.58,-5.33,-9.76,4.31,5.33,11.40,12.04,-2.34,-1.69,65.94,67.01,224.00,223.95,173.00,157.65,236.00,247.58,78.00,78.36,92.00,101.75,36.00,37.59,13.15,10.27,9.32,10.56,25.00,10.75,5978.27,5995.33,6.85,9.05,12.00,12.77,0.00,0.00,9.00,17.11,0.00,0.00,7.95,9.48,62.00,87.51,0.00,0.00,122.00,160.67,127.00,122.09,248.00,281.00,1392.51,1729.88,788.69,952.96,256.80,319.29,604.64,571.81,36.79,72.06,306.22,157.03,163.59,229.82,90.70,79.70,64.00,79.59,18.00,12.00,7.00,3.00,61.13,55.54,89.51,62.94,5.82,5.08,35.75,19.71,19.00,20.80,100.00,110.39
1965,1.41,1.61,-10.28,-9.68,3.81,5.33,11.29,12.04,0.26,-1.68,65.89,67.00,235.00,224.00,181.00,157.74,247.00,247.53,83.00,78.00,98.00,101.42,46.00,37.33,15.07,10.21,17.26,10.54,19.00,10.93,6061.02,5986.43,11.78,9.12,16.00,12.85,0.00,0.00,35.00,17.32,0.00,0.00,11.51,9.54,65.00,87.39,0.00,0.00,140.00,160.83,113.00,122.00,252.00,281.00,1515.16,1730.03,832.19,952.97,314.96,320.10,888.36,571.17,105.84,71.40,229.05,157.31,485.40,230.21,61.99,79.15,99.00,79.39,22.00,12.00,7.00,3.00,105.73,55.58,122.42,63.01,6.50,5.07,35.87,19.77,19.00,20.90,135.00,110.30
1966,1.40,1.63,-11.51,-9.61,5.02,5.34,11.90,12.05,-2.41,-1.67,67.76,66.99,229.00,224.05,174.00,157.84,229.00,247.48,74.00,77.64,112.00,101.10,38.00,37.06,12.05,10.14,12.60,10.52,11.00,11.11,6059.39,5977.54,10.68,9.20,10.00,12.92,0.00,0.00,24.00,17.53,0.00,0.00,8.22,9.59,54.00,87.28,0.00,0.00,161.00,161.00,122.00,121.91,282.00,281.00,1687.48,1730.17,889.85,952.99,247.37,320.91,594.58,570.52,64.90,70.73,141.73,157.58,286.99,230.60,116.26,78.61,72.00,79.18,14.00,12.00,4.00,3.00,90.85,55.63,99.38,63.07,5.49,5.06,31.75,19.84,21.00,21.00,106.00,110.22
1967,2.10,1.66,-8.53,-9.53,3.07,5.35,13.95,12.05,-0.64,-1.66,64.98,66.98,238.00,224.11,181.00,157.93,206.00,247.43,65.00,77.27,107.00,100.78,30.00,36.80,12.33,10.08,9.32,10.50,0.00,11.30,5811.12,5968.65,11.23,9.27,28.00,13.00,4.00,0.00,13.00,17.74,0.00,0.00,9.04,9.65,48.00,87.16,0.00,0.00,163.00,161.17,133.00,121.82,295.00,281.00,1871.83,1730.31,1090.12,953.00,431.27,321.73,488.89,569.87,112.09,70.07,192.92,157.86,75.31,230.99,77.51,78.06,71.00,78.98,11.00,12.00,0.00,3.00,34.51,55.68,34.98,63.14,5.05,5.06,11.20,19.90,23.00,21.10,94.00,110.13
1968,1.30,1.68,-7.02,-9.46,4.42,5.35,11.00,12.06,-1.78,-1.65,68.27,66.98,245.00,224.16,166.00,158.02,259.00,247.39,63.00,76.91,93.00,100.46,40.00,36.54,9.32,10.01,12.05,10.48,23.00,11.48,6096.71,5959.76,11.78,9.34,8.00,13.08,0.00,0.00,36.00,17.95,0.00,0.00,6.03,9.70,92.00,87.05,0.00,0.00,164.00,161.33,116.00,121.73,279.00,281.00,1552.47,1730.45,779.26,953.02,203.82,322.54,604.52,569.23,68.74,69.40,169.63,158.14,292.06,231.38,90.96,77.51,82.00,78.77,13.00,12.00,3.00,3.00,84.32,55.73,92.59,63.20,5.73,5.05,25.84,19.96,21.00,21.20,103.00,110.04
1969,1.10,1.71,-15.90,-9.38,6.69,5.36,11.30,12.06,-0.43,-1.64,70.98,66.97,229.00,224.21,165.00,158.12,229.00,247.34,69.00,76.55,111.00,100.13,46.00,36.27,12.33,9.95,12.33,10.46,8.00,11.67,6169.36,5950.87,10.41,9.42,13.00,13.15,1.00,0.00,14.00,18.16,0.00,0.00,6.85,9.76,63.00,86.93,0.00,0.00,155.00,161.50,128.00,121.64,282.00,281.00,1617.55,1730.59,867.86,953.03,279.63,323.35,608.67,568.58,64.34,68.74,128.86,158.42,348.78,231.77,81.98,76.96,66.00,78.57,17.00,12.00,6.00,3.00,77.66,55.78,81.67,63.27,6.45,5.05,37.93,20.02,27.00,21.30,92.00,109.96
1970,1.36,1.73,-8.34,-9.31,5.37,5.37,12.56,12.07,-4.66,-1.63,68.83,66.96,239.00,224.26,151.00,158.21,252.00,247.29,72.00,76.18,113.00,99.81,47.00,36.01,11.23,9.88,9.04,10.44,0.00,11.85,6080.10,5941.98,9.86,9.49,26.00,13.23,0.00,0.00,14.00,18.37,0.00,0.00,7.12,9.81,100.00,86.82,0.00,0.00,158.00,161.67,121.00,121.55,278.00,281.00,1802.58,1730.73,1056.24,953.04,427.20,324.16,583.15,567.93,56.46,68.08,268.27,158.70,186.77,232.16,71.65,76.41,69.00,78.37,14.00,12.00,5.00,3.00,117.61,55.83,120.95,63.33,5.68,5.04,34.97,20.08,29.00,21.40,100.00,109.87
1971,1.12,1.76,-9.25,-9.23,4.92,5.37,12.78,12.07,-3.54,-1.62,72.67,66.95,233.00,224.32,179.00,158.30,187.00,247.24,88.00,75.82,124.00,99.49,49.00,35.75,10.41,9.82,10.41,10.42,13.00,12.03,6179.28,5933.08,9.59,9.56,26.00,13.31,3.00,0.00,10.00,18.58,0.00,0.00,8.22,9.87,62.00,86.71,1.19,0.00,177.00,161.83,109.00,121.45,285.00,281.00,1869.46,1730.87,1025.30,953.06,372.58,324.97,555.28,567.29,118.86,67.41,169.65,158.98,167.80,232.55,81.35,75.87,80.00,78.16,12.00,12.00,2.00,3.00,60.56,55.88,76.13,63.40,4.80,5.04,9.58,20.14,19.00,21.50,113.00,109.78
1972,0.19,1.78,-13.29,-9.16,5.32,5.38,11.07,12.08,-4.18,-1.61,71.15,66.94,239.00,224.37,140.00,158.40,182.00,247.19,92.00,75.45,122.00,99.17,54.00,35.48,15.89,9.75,16.99,10.40,8.00,12.22,6502.75,5924.19,6.85,9.64,8.00,13.38,0.00,0.00,8.00,18.79,0.00,0.00,6.85,9.92,64.00,86.59,0.00,0.00,132.00,162.00,129.00,121.36,260.00,281.00,1501.88,1731.01,851.03,953.07,297.17,325.79,749.96,566.64,112.86,66.75,159.04,159.26,381.07,232.94,86.88,75.32,87.00,77.96,17.00,12.00,5.00,3.00,101.34,55.93,126.00,63.46,6.17,5.03,31.18,20.20,24.00,21.60,120.00,109.70
1973,1.57,1.81,-7.06,-9.08,5.01,5.39,12.02,12.08,-4.28,-1.61,60.69,66.93,238.00,224.42,155.00,158.49,230.00,247.14,79.00,75.09,101.00,98.85,37.00,35.22,10.41,9.69,10.96,10.38,12.00,12.40,6000.22,5915.30,8.77,9.71,13.00,13.46,0.00,0.00,7.00,19.00,0.00,0.00,6.30,9.98,74.00,86.48,0.00,0.00,142.00,162.17,132.00,121.27,273.00,281.00,1589.08,1731.16,892.48,953.09,315.96,326.60,543.10,565.99,83.71,66.08,192.66,159.53,220.16,233.33,68.46,74.77,69.00,77.75,15.00,12.00,2.00,3.00,41.26,55.98,46.73,63.53,4.91,5.03,14.26,20.27,20.00,21.70,109.00,109.61
1974,2.01,1.83,-9.65,-9.01,4.56,5.39,11.43,12.08,0.72,-1.60,67.25,66.92,241.00,224.47,161.00,158.58,226.00,247.10,67.00,74.73,99.00,98.52,28.00,34.95,10.14,9.63,10.14,10.35,6.00,12.59,5839.81,5906.41,6.30,9.78,11.00,13.54,0.00,0.00,19.00,19.21,0.00,0.00,4.11,10.04,64.00,86.36,0.00,0.00,162.00,162.33,141.00,121.18,302.00,281.00,1602.89,1731.30,845.03,953.10,272.18,327.41,610.23,565.35,116.98,65.42,186.46,159.81,215.16,233.72,93.93,74.22,78.00,77.55,14.00,12.00,4.00,3.00,37.46,56.03,56.59,63.59,5.54,5.02,26.49,20.33,32.00,21.80,108.00,109.52
1975,0.72,1.86,-10.16,-8.93,2.53,5.40,12.01,12.09,-2.46,-1.59,65.32,66.91,232.00,224.53,148.00,158.67,247.00,247.05,90.00,74.36,126.00,98.20,50.00,34.69,12.05,9.56,13.15,10.33,7.00,12.77,6319.45,5897.52,8.77,9.86,12.00,13.62,2.00,0.00,13.00,19.42,0.00,0.00,6.85,10.09,98.00,86.25,0.02,0.00,153.00,162.50,128.00,121.09,280.00,281.00,1630.55,1731.44,874.45,953.11,270.68,328.22,490.48,564.70,58.08,64.76,157.97,160.09,176.83,234.11,80.50,73.67,82.00,77.34,6.00,12.00,1.00,3.00,32.10,56.08,38.71,63.66,3.60,5.01,11.73,20.39,16.00,21.90,132.00,109.43
1976,3.30,1.88,-6.91,-8.86,6.09,5.40,12.55,12.09,0.94,-1.58,63.83,66.90,218.00,224.58,176.00,158.77,251.00,247.00,45.00,74.00,82.00,97.88,21.00,34.43,7.67,9.50,6.58,10.31,34.00,12.95,5366.69,5888.63,12.33,9.93,6.00,13.69,0.00,0.00,33.00,19.63,0.00,0.00,17.53,10.15,74.00,86.13,0.00,0.00,192.00,162.67,96.00,121.00,287.00,281.00,1937.79,1731.58,1035.89,953.13,329.85,329.03,567.54,564.05,76.43,64.09,159.62,160.37,271.91,234.50,77.86,73.12,72.00,77.14,14.00,12.00,7.00,3.00,60.15,56.13,60.94,63.72,5.53,5.01,28.53,20.45,17.00,22.00,100.00,109.35
1977,2.37,1.91,-3.65,-8.78,6.16,5.41,10.79,12.10,-3.50,-1.57,69.82,66.89,219.00,224.63,150.00,158.86,194.00,246.95,56.00,73.64,80.00,97.56,28.00,34.16,7.40,9.43,9.04,10.29,38.00,13.14,5706.62,5879.73,9.32,10.00,5.00,13.77,0.00,0.00,34.00,19.84,0.00,0.00,12.33,10.20,49.00,86.02,0.00,0.00,181.00,162.83,94.00,120.91,274.00,281.00,1685.38,1731.72,845.46,953.14,225.07,329.85,636.62,563.41,45.30,63.43,243.55,160.65,280.75,234.89,63.23,72.58,77.00,76.93,17.00,12.00,3.00,3.00,59.56,56.18,66.20,63.79,5.11,5.00,20.72,20.51,27.00,22.10,121.00,109.26
1978,1.55,1.93,-10.69,-8.71,5.59,5.42,12.27,12.10,-1.13,-1.56,64.86,66.88,212.00,224.68,170.00,158.95,233.00,246.90,90.00,73.27,101.00,97.24,47.00,33.90,5.48,9.37,7.67,10.27,13.00,13.32,6008.43,5870.84,7.67,10.08,13.00,13.85,0.00,0.00,0.00,20.05,0.00,0.00,10.68,10.26,62.00,85.90,0.00,0.00,182.00,163.00,116.00,120.82,297.00,281.00,1876.05,1731.86,996.85,953.16,331.86,330.66,670.67,562.76,59.96,62.77,252.73,160.93,278.58,235.28,77.56,72.03,85.00,76.73,15.00,12.00,5.00,3.00,45.29,56.23,63.92,63.85,5.24,5.00,27.53,20.57,28.00,22.20,123.00,109.17
1979,1.78,1.96,-11.99,-8.63,3.51,5.42,13.39,12.11,0.11,-1.55,67.89,66.87,222.00,224.74,167.00,159.05,272.00,246.86,81.00,72.91,109.00,96.91,50.00,33.64,8.77,9.30,11.51,10.25,6.00,13.51,5931.53,5861.95,13.42,10.15,16.00,13.92,2.00,0.00,24.00,20.26,0.00,0.00,10.96,10.31,104.00,85.79,0.61,0.00,176.00,163.17,115.00,120.73,290.00,281.00,1929.61,1732.00,1091.09,953.17,408.11,331.47,434.56,562.11,36.16,62.10,149.36,161.21,162.57,235.67,94.46,71.48,65.00,76.52,6.00,12.00,0.00,3.00,27.59,56.28,30.52,63.92,3.93,4.99,8.39,20.64,34.00,22.30,102.00,109.09
1980,2.09,1.98,-9.74,-8.56,7.16,5.43,11.04,12.11,-0.62,-1.54,63.99,66.86,192.00,224.79,151.00,159.14,237.00,246.81,68.00,72.55,103.00,96.59,44.00,33.37,6.85,9.24,11.78,10.23,18.00,13.69,5806.24,5853.06,13.42,10.22,7.00,14.00,0.00,0.00,34.00,20.47,0.00,0.00,15.62,10.37,85.00,85.67,0.00,0.00,192.00,163.33,102.00,120.64,293.00,281.00,1980.53,1732.14,1038.71,953.18,300.09,332.28,660.36,561.46,51.95,61.44,213.34,161.48,309.92,236.06,81.00,70.93,82.00,76.32,17.00,12.00,4.00,3.00,57.72,56.33,73.79,63.99,5.22,4.99,25.23,20.70,17.00,22.40,122.00,109.00
1981,3.98,2.01,-2.74,-8.48,5.69,5.44,13.36,12.12,0.22,-1.54,64.77,66.85,224.00,224.84,163.00,159.23,257.00,246.76,46.00,72.18,66.00,96.27,11.00,33.11,3.84,9.17,6.85,10.21,34.00,13.87,5125.97,5844.17,15.34,10.30,19.00,14.08,2.00,0.00,36.00,20.68,0.00,0.00,17.81,10.42,93.00,85.56,0.00,0.00,184.00,163.50,109.00,120.55,292.00,281.00,1870.14,1732.29,1023.34,953.20,387.74,333.09,634.34,560.82,32.38,60.77,225.36,161.76,335.03,236.45,40.78,70.38,75.00,76.12,14.00,12.00,5.00,3.00,92.04,56.38,97.13,64.05,5.68,4.98,38.65,20.76,22.00,22.50,109.00,108.91
1982,0.47,2.03,-13.89,-8.41,4.24,5.44,11.89,12.12,-2.13,-1.53,64.77,66.84,231.00,224.90,159.00,159.33,254.00,246.71,96.00,71.82,131.00,95.95,49.00,32.85,12.05,9.11,13.15,10.19,0.00,14.06,6401.02,5835.27,5.48,10.37,5.00,14.15,0.00,0.00,0.00,20.89,0.00,0.00,7.95,10.48,94.00,85.44,0.00,0.00,170.00,163.67,131.00,120.45,300.00,281.00,1719.84,1732.43,926.88,953.21,297.35,333.90,599.24,560.17,81.11,60.11,162.32,162.04,282.57,236.84,77.82,69.83,80.00,75.91,13.00,12.00,4.00,3.00,74.04,56.43,80.03,64.12,4.73,4.97,20.52,20.82,25.00,22.60,121.00,108.83
1983,2.25,2.06,-4.94,-8.33,5.50,5.45,12.23,12.13,-3.10,-1.52,67.84,66.83,235.00,224.95,139.00,159.42,249.00,246.66,76.00,71.45,90.00,95.62,29.00,32.58,7.40,9.04,8.49,10.17,13.00,14.24,5754.79,5826.38,9.04,10.44,12.00,14.23,0.00,0.00,0.00,21.11,0.00,0.00,8.77,10.53,109.00,85.33,0.00,0.00,164.00,163.83,107.00,120.36,270.00,281.00,1732.71,1732.57,964.36,953.23,359.25,334.72,479.66,559.52,45.95,59.45,156.04,162.32,216.32,237.23,52.76,69.29,63.00,75.71,7.00,12.00,3.00,3.00,59.60,56.47,59.95,64.18,4.48,4.97,26.87,20.88,31.00,22.70,101.00,108.74
1984,2.02,2.08,-5.01,-8.26,5.16,5.46,12.53,12.13,-4.71,-1.51,70.05,66.82,243.00,225.00,161.00,159.51,240.00,246.61,68.00,71.09,94.00,95.30,30.00,32.32,13.15,8.98,10.96,10.15,35.00,14.42,5840.65,5817.49,12.05,10.52,16.00,14.31,1.00,0.00,30.00,21.32,0.00,0.00,11.78,10.59,78.00,85.21,0.00,0.00,127.00,164.00,137.00,120.27,263.00,281.00,1469.61,1732.71,836.50,953.24,340.33,335.53,558.23,558.88,68.61,58.78,198.75,162.60,235.36,237.62,55.41,68.74,72.00,75.50,11.00,12.00,4.00,3.00,72.13,56.52,88.73,64.25,5.39,4.96,26.81,20.94,27.00,22.80,99.00,108.65
1985,1.82,2.11,-8.11,-8.18,5.87,5.46,11.27,12.14,-4.81,-1.50,67.50,66.81,244.00,225.05,168.00,159.60,247.00,246.57,61.00,70.73,83.00,94.98,35.00,32.05,13.42,8.91,12.88,10.13,27.00,14.61,5913.51,5808.60,12.88,10.59,16.00,14.38,0.00,0.00,42.00,21.53,0.00,0.00,11.23,10.65,78.00,85.10,0.00,0.00,180.00,164.17,98.00,120.18,277.00,281.00,1672.55,1732.85,869.03,953.25,293.60,336.34,544.15,558.23,51.79,58.12,114.53,162.88,298.02,238.01,88.86,68.19,77.00,75.30,12.00,12.00,2.00,3.00,59.21,56.57,59.21,64.31,4.86,4.96,13.40,21.01,23.00,22.90,108.00,108.56
1986,3.32,2.13,-3.80,-8.11,6.32,5.47,11.05,12.14,-0.71,-1.49,64.02,66.80,229.00,225.11,163.00,159.70,249.00,246.52,51.00,70.36,78.00,94.66,17.00,31.79,8.77,8.85,9.59,10.11,53.00,14.79,5362.76,5799.71,15.07,10.66,10.00,14.46,0.00,0.00,73.00,21.74,0.00,0.00,13.42,10.70,85.00,84.98,0.00,0.00,162.00,164.33,94.00,120.09,255.00,281.00,1585.66,1732.99,863.77,953.27,306.02,337.15,715.07,557.58,41.09,57.46,168.46,163.16,401.68,238.40,102.97,67.64,87.00,75.09,14.00,12.00,5.00,3.00,89.18,56.62,96.11,64.38,6.01,4.95,32.03,21.07,30.00,23.00,116.00,108.48
1987,4.46,2.16,-2.96,-8.03,7.40,5.48,12.01,12.15,1.66,-1.48,55.23,66.80,215.00,225.16,143.00,159.79,224.00,246.47,38.00,70.00,64.00,94.34,12.00,31.53,5.48,8.79,5.75,10.09,56.00,14.98,4949.53,5790.82,16.16,10.74,17.00,14.54,0.00,0.00,68.00,21.95,0.00,0.00,15.62,10.76,80.00,84.87,0.00,0.00,172.00,164.50,115.00,120.00,286.00,281.00,1927.27,1733.13,1086.16,953.28,371.71,337.96,463.10,556.94,45.17,56.79,91.30,163.43,287.01,238.79,32.62,67.09,69.00,74.89,10.00,12.00,1.00,3.00,39.23,56.67,43.12,64.44,4.92,4.95,9.43,21.13,23.00,23.10,91.00,108.39
1988,3.16,2.18,-7.29,-7.96,7.23,5.48,12.53,12.15,0.28,-1.47,63.15,66.79,221.00,225.21,139.00,159.88,252.00,246.42,58.00,69.64,85.00,94.01,31.00,31.26,3.56,8.72,4.38,10.06,16.00,15.16,5424.42,5781.92,13.97,10.81,19.00,14.62,1.00,0.00,28.00,22.16,0.00,0.00,12.33,10.81,112.00,84.75,0.00,0.00,157.00,164.67,103.00,119.91,259.00,281.00,1799.81,1733.27,1046.87,953.30,405.02,338.78,510.90,556.29,54.30,56.13,116.99,163.71,294.15,239.18,46.84,66.55,61.00,74.68,16.00,12.00,3.00,3.00,44.61,56.72,53.50,64.51,5.77,4.94,24.15,21.19,28.00,23.20,85.00,108.30
1989,1.74,2.21,-12.26,-7.88,5.70,5.49,12.05,12.15,-0.79,-1.46,71.64,66.78,224.00,225.26,149.00,159.98,253.00,246.37,74.00,69.27,105.00,93.69,38.00,31.00,10.14,8.66,8.77,10.04,9.00,15.34,5937.21,5773.03,7.40,10.88,8.00,14.69,0.00,0.00,17.00,22.37,0.00,0.00,11.51,10.87,103.00,84.64,0.00,0.00,161.00,164.83,123.00,119.82,283.00,281.00,1746.75,1733.42,967.10,953.31,344.64,339.59,621.84,555.64,96.44,55.46,134.80,163.99,310.69,239.57,84.10,66.00,87.00,74.48,14.00,12.00,4.00,3.00,63.64,56.77,73.41,64.57,4.85,4.94,23.09,21.25,16.00,23.30,124.00,108.22
1990,2.01,2.23,-5.92,-7.81,4.83,5.49,13.55,12.16,-2.97,-1.46,70.58,66.77,228.00,225.32,142.00,160.07,256.00,246.33,74.00,68.91,91.00,93.37,36.00,30.74,8.77,8.59,10.41,10.02,8.00,15.53,5841.22,5764.14,10.41,10.96,16.00,14.77,0.00,0.00,15.00,22.58,0.00,0.00,10.96,10.92,113.00,84.53,0.00,0.00,170.00,165.00,107.00,119.73,276.00,281.00,1837.22,1733.56,1031.31,953.32,395.74,340.40,681.28,555.00,53.76,54.80,313.49,164.27,224.17,239.96,79.35,65.45,92.00,74.27,12.00,12.00,5.00,3.00,56.87,56.82,69.14,64.64,5.05,4.93,24.67,21.31,19.00,23.40,131.00,108.13
1991,2.82,2.26,-8.20,-7.73,5.68,5.50,13.06,12.16,-1.78,-1.45,66.26,66.76,217.00,225.37,167.00,160.16,246.00,246.28,62.00,68.55,95.00,93.05,25.00,30.47,8.22,8.53,7.95,10.00,44.00,15.71,5551.44,5755.25,9.59,11.03,18.00,14.85,0.00,0.00,23.00,22.79,0.00,0.00,13.70,10.98,78.00,84.41,0.00,0.00,186.00,165.17,109.00,119.64,294.00,281.00,1949.34,1733.70,1074.29,953.34,385.15,341.21,588.70,554.35,54.67,54.14,203.13,164.55,286.91,240.35,56.80,64.90,76.00,74.07,11.00,12.00,6.00,3.00,65.46,56.87,70.55,64.70,5.42,4.92,34.79,21.37,22.00,23.50,105.00,108.04
1992,2.75,2.28,-2.87,-7.66,6.22,5.51,10.87,12.17,-1.70,-1.44,67.59,66.75,225.00,225.42,144.00,160.26,234.00,246.23,64.00,68.18,84.00,92.73,20.00,30.21,10.14,8.46,12.88,9.98,29.00,15.90,5568.67,5746.36,14.52,11.10,15.00,14.92,0.00,0.00,27.00,23.00,0.00,0.00,16.16,11.03,89.00,84.30,0.00,0.00,170.00,165.33,115.00,119.55,284.00,281.00,1681.87,1733.84,912.84,953.35,318.98,342.02,541.68,553.70,31.48,53.47,205.66,164.83,213.08,240.74,78.39,64.35,74.00,73.86,12.00,12.00,2.00,3.00,66.21,56.92,74.10,64.77,4.37,4.92,18.92,21.44,21.00,23.60,119.00,107.96
1993,2.06,2.31,-10.80,-7.58,6.48,5.51,10.42,12.17,-0.40,-1.43,62.67,66.74,221.00,225.47,156.00,160.35,256.00,246.18,67.00,67.82,85.00,92.40,34.00,29.95,6.30,8.40,9.86,9.96,32.00,16.08,5818.36,5737.46,7.67,11.18,5.00,15.00,0.00,0.00,14.00,23.21,0.00,0.00,10.68,11.09,99.00,84.18,0.00,0.00,174.00,165.50,128.00,119.45,301.00,281.00,1636.26,1733.98,811.76,953.37,192.51,342.84,626.51,553.05,61.13,52.81,164.77,165.11,346.42,241.13,58.37,63.80,84.00,73.66,17.00,12.00,3.00,3.00,38.23,56.97,51.69,64.83,4.86,4.91,13.71,21.50,19.00,23.70,124.00,107.87
1994,2.21,2.33,-8.83,-7.51,6.03,5.52,13.09,12.18,-2.12,-1.42,71.30,66.73,220.00,225.53,167.00,160.44,255.00,246.13,77.00,67.45,97.00,92.08,33.00,29.68,7.40,8.33,10.14,9.94,11.00,16.26,5769.72,5728.57,11.23,11.25,20.00,15.08,1.00,0.00,10.00,23.42,0.00,0.00,9.32,11.14,87.00,84.07,0.00,0.00,179.00,165.67,105.00,119.36,283.00,281.00,1885.13,1734.12,1030.98,953.38,375.08,343.65,527.29,552.41,73.78,52.15,177.82,165.38,227.61,241.52,47.21,63.26,72.00,73.46,12.00,12.00,3.00,3.00,45.64,57.02,63.82,64.90,4.61,4.91,20.39,21.56,24.00,23.80,110.00,107.78
1995,1.44,2.36,-7.20,-7.43,5.35,5.53,11.16,12.18,-3.94,-1.41,62.10,66.72,232.00,225.58,159.00,160.53,237.00,246.08,74.00,67.09,103.00,91.76,38.00,29.42,7.95,8.27,11.51,9.92,13.00,16.45,6043.27,5719.68,6.58,11.32,6.00,15.15,0.00,0.00,11.00,23.63,0.00,0.00,6.85,11.20,77.00,83.95,0.00,0.00,149.00,165.83,127.00,119.27,275.00,281.00,1568.44,1734.26,839.76,953.39,234.29,344.46,650.65,551.76,35.47,51.48,249.46,165.66,300.66,241.91,74.82,62.71,87.00,73.25,14.00,12.00,5.00,3.00,66.55,57.07,77.12,64.97,4.92,4.90,23.06,21.62,20.00,23.90,128.00,107.69
1996,-0.22,2.38,-9.81,-7.36,3.36,5.53,11.91,12.19,-4.83,-1.40,71.06,66.71,234.00,225.63,151.00,160.63,233.00,246.04,105.00,66.73,109.00,91.44,64.00,29.15,18.90,8.20,21.64,9.90,14.00,16.63,6651.90,5710.79,8.22,11.40,14.00,15.23,0.00,0.00,22.00,23.84,0.00,0.00,6.58,11.25,81.00,83.84,0.00,0.00,131.00,166.00,133.00,119.18,263.00,281.00,1471.37,1734.41,818.84,953.41,293.19,345.27,506.52,551.11,61.52,50.82,145.28,165.94,178.89,242.30,106.81,62.16,78.00,73.05,10.00,12.00,0.00,3.00,35.29,57.12,42.23,65.03,3.90,4.90,6.76,21.68,17.00,24.00,126.00,107.61
1997,2.55,2.41,-10.68,-7.28,4.95,5.54,11.98,12.19,0.47,-1.39,73.31,66.70,224.00,225.69,143.00,160.72,261.00,245.99,55.00,66.36,96.00,91.11,22.00,28.89,7.67,8.14,11.78,9.88,17.00,16.82,5645.59,5701.90,12.05,11.47,13.00,15.31,0.00,0.00,29.00,24.05,0.00,0.00,9.86,11.31,117.00,83.72,0.00,0.00,150.00,166.17,128.00,119.09,277.00,281.00,1671.70,1734.55,953.44,953.42,330.15,346.08,479.86,550.47,85.58,50.15,139.43,166.22,243.06,242.69,22.05,61.61,67.00,72.84,12.00,12.00,1.00,3.00,53.41,57.17,58.10,65.10,4.91,4.89,13.17,21.74,40.00,24.10,96.00,107.52
1998,3.00,2.43,-7.45,-7.21,6.59,5.55,14.09,12.20,-0.44,-1.38,69.62,66.69,211.00,225.74,159.00,160.81,248.00,245.94,72.00,66.00,87.00,90.79,25.00,28.63,2.74,8.07,5.75,9.86,7.00,17.00,5489.62,5693.01,10.41,11.54,23.00,15.38,2.00,0.00,27.00,24.26,0.00,0.00,14.25,11.37,88.00,83.61,1.20,0.00,194.00,166.33,108.00,119.00,301.00,281.00,2144.63,1734.69,1208.53,953.44,452.85,346.90,592.93,549.82,65.62,49.49,220.47,166.50,243.47,243.08,47.78,61.06,73.00,72.64,15.00,12.00,4.00,3.00,53.26,57.22,73.57,65.16,4.98,4.89,35.53,21.81,40.00,24.20,117.00,107.43
1999,3.19,2.46,-6.57,-7.13,5.33,5.55,11.24,12.20,0.29,-1.38,55.04,66.68,244.00,225.79,161.00,160.91,197.00,245.89,41.00,65.64,76.00,90.47,6.00,28.36,7.95,8.01,9.86,9.84,22.00,17.18,5404.27,5684.11,13.97,11.62,12.00,15.46,0.00,0.00,17.00,24.47,0.00,0.00,11.23,11.42,46.00,83.49,0.00,0.00,129.00,166.50,140.00,118.91,268.00,281.00,1383.65,1734.83,746.81,953.45,260.73,347.71,584.48,549.17,55.42,48.83,158.62,166.78,344.86,243.47,44.93,60.51,68.00,72.43,13.00,12.00,4.00,3.00,95.26,57.27,100.94,65.23,5.52,4.88,32.56,21.87,38.00,24.30,105.00,107.35
2000,1.73,2.48,-6.15,-7.06,4.76,5.56,11.33,12.21,-2.32,-1.37,61.95,66.67,237.00,225.84,163.00,161.00,240.00,245.84,75.00,65.27,105.00,90.15,29.00,28.10,9.32,7.95,9.32,9.82,13.00,17.37,5937.76,5675.22,6.58,11.69,7.00,15.54,0.00,0.00,21.00,24.68,0.00,0.00,5.48,11.48,76.00,83.38,0.00,0.00,155.00,166.67,120.00,118.82,274.00,281.00,1519.92,1734.97,785.48,953.46,241.24,348.52,508.38,548.53,50.77,48.16,155.29,167.06,256.43,243.86,33.09,59.97,69.00,72.23,10.00,12.00,2.00,3.00,56.57,57.31,60.06,65.29,4.54,4.87,17.14,21.93,30.00,24.40,109.00,107.26
2001,2.75,2.51,-6.46,-6.98,4.83,5.57,13.10,12.21,-0.74,-1.36,61.64,66.66,227.00,225.90,162.00,161.09,249.00,245.80,68.00,64.91,95.00,89.83,24.00,27.84,5.48,7.88,4.93,9.80,26.00,17.55,5570.17,5666.33,12.60,11.76,20.00,15.62,1.00,0.00,26.00,24.89,0.00,0.00,11.23,11.53,86.00,83.26,0.00,0.00,169.00,166.83,114.00,118.73,282.00,281.00,1876.40,1735.11,1044.02,953.48,393.18,349.33,405.49,547.88,42.05,47.50,148.83,167.33,183.96,244.25,43.45,59.42,63.00,72.02,8.00,12.00,2.00,3.00,39.99,57.36,45.05,65.36,4.22,4.87,14.26,21.99,22.00,24.50,95.00,107.17
2002,2.30,2.53,-9.32,-6.91,2.87,5.57,12.61,12.21,1.17,-1.35,67.45,66.65,218.00,225.95,170.00,161.19,251.00,245.75,77.00,64.55,82.00,89.50,28.00,27.57,14.52,7.82,16.44,9.78,39.00,17.74,5748.64,5657.44,15.07,11.83,26.00,15.69,4.00,0.00,42.00,25.11,0.00,0.00,18.63,11.59,80.00,83.15,0.09,0.00,121.00,167.00,145.00,118.64,265.00,281.00,1470.23,1735.25,871.73,953.49,363.31,350.14,449.76,547.23,56.30,46.84,138.48,167.61,171.39,244.64,77.26,58.87,69.00,71.82,7.00,12.00,1.00,3.00,43.07,57.41,43.07,65.42,4.02,4.86,9.58,22.05,31.00,24.60,108.00,107.09
2003,2.62,2.56,-6.85,-6.83,5.35,5.58,13.55,12.22,-1.33,-1.34,68.63,66.64,225.00,226.00,175.00,161.28,259.00,245.70,75.00,64.18,97.00,89.18,30.00,27.31,9.59,7.75,12.05,9.75,17.00,17.92,5626.43,5648.55,16.16,11.91,33.00,15.77,5.00,0.00,34.00,25.32,0.00,0.00,10.96,11.64,83.00,83.03,0.00,0.00,175.00,167.17,110.00,118.55,284.00,281.00,1922.09,1735.39,1129.54,953.51,476.32,350.96,414.13,546.59,69.56,46.17,184.15,167.89,98.77,245.03,67.98,58.32,66.00,71.61,4.00,12.00,2.00,3.00,65.62,57.46,71.83,65.49,3.87,4.86,18.25,22.11,42.00,24.70,104.00,107.00
2004,2.93,2.58,-6.77,-6.76,5.73,5.58,12.23,12.22,0.34,-1.33,69.72,66.63,230.00,226.05,169.00,161.37,249.00,245.65,51.00,63.82,64.00,88.86,24.00,27.05,7.40,7.69,11.51,9.73,29.00,18.10,5509.91,5639.65,12.05,11.98,12.00,15.85,2.00,0.00,21.00,25.53,0.00,0.00,11.78,11.70,79.00,82.92,0.00,0.00,170.00,167.33,119.00,118.45,288.00,281.00,1718.64,1735.54,927.17,953.52,312.76,351.77,555.27,545.94,38.96,45.51,147.90,168.17,292.59,245.42,62.77,57.77,80.00,71.41,10.00,12.00,5.00,3.00,45.05,57.51,70.18,65.55,4.34,4.85,25.43,22.17,28.00,24.80,124.00,106.91
2005,3.20,2.61,-6.37,-6.68,5.84,5.59,11.52,12.23,-0.05,-1.32,69.51,66.62,216.00,226.11,167.00,161.47,249.00,245.60,58.00,63.45,69.00,88.54,29.00,26.78,7.40,7.62,7.40,9.71,49.00,18.29,5404.78,5630.76,16.44,12.05,13.00,15.92,1.00,0.00,48.00,25.74,0.00,0.00,16.99,11.75,81.00,82.80,0.00,0.00,192.00,167.50,109.00,118.36,300.00,281.00,1799.94,1735.68,905.76,953.53,259.22,352.58,673.57,545.29,70.22,44.84,239.52,168.45,332.98,245.81,43.90,57.23,71.00,71.20,15.00,12.00,6.00,3.00,82.08,57.56,85.03,65.62,5.87,4.85,35.62,22.24,23.00,24.90,111.00,106.83
2006,3.73,2.63,-4.32,-6.61,7.20,5.60,13.49,12.23,-1.41,-1.31,63.34,66.62,218.00,226.16,157.00,161.56,258.00,245.55,60.00,63.09,70.00,88.22,13.00,26.52,7.12,7.56,7.12,9.69,47.00,18.47,5224.71,5621.87,12.88,12.13,27.00,16.00,4.00,0.00,57.00,25.95,0.00,0.00,16.16,11.81,100.00,82.69,2.28,0.00,187.00,167.67,114.00,118.27,300.00,281.00,2042.39,1735.82,1162.91,953.55,487.57,353.39,494.16,544.65,29.94,44.18,161.95,168.73,238.04,246.20,58.15,56.68,63.00,71.00,11.00,12.00,4.00,3.00,75.83,57.61,81.06,65.68,5.49,4.84,29.26,22.30,30.00,25.00,87.00,106.74
2007,2.91,2.66,-5.66,-6.53,5.75,5.60,12.97,12.24,-1.63,-1.31,62.61,66.61,227.00,226.21,146.00,161.65,240.00,245.51,69.00,62.73,85.00,87.89,19.00,26.25,4.11,7.49,8.22,9.67,13.00,18.66,5539.19,5612.98,11.78,12.20,24.00,16.08,4.00,0.00,15.00,26.16,0.00,0.00,14.79,11.86,93.00,82.57,1.52,0.00,178.00,167.83,125.00,118.18,302.00,281.00,1841.33,1735.96,1012.42,953.56,398.72,354.20,594.40,544.00,50.80,43.52,267.40,169.01,232.28,246.59,47.55,56.13,79.00,70.80,15.00,12.00,4.00,3.00,52.17,57.66,60.72,65.75,5.40,4.83,26.21,22.36,20.00,25.10,108.00,106.65
2008,2.53,2.68,-6.50,-6.46,4.28,5.61,13.04,12.24,-0.67,-1.30,71.32,66.60,224.00,226.26,160.00,161.74,244.00,245.46,62.00,62.36,88.00,87.57,31.00,25.99,8.77,7.43,9.32,9.65,18.00,18.84,5663.46,5604.09,11.78,12.27,26.00,16.15,4.00,0.00,20.00,26.37,0.00,0.00,11.78,11.92,83.00,82.46,1.24,0.00,160.00,168.00,122.00,118.09,281.00,281.00,1797.07,1736.10,1012.01,953.58,396.27,355.02,527.27,543.35,44.96,42.85,225.24,169.28,198.12,246.98,54.22,55.58,80.00,70.59,11.00,12.00,2.00,3.00,38.29,57.71,60.58,65.81,4.73,4.83,11.86,22.42,21.00,25.20,109.00,106.56
2009,1.72,2.71,-8.57,-6.38,4.36,5.62,13.56,12.25,-3.16,-1.29,73.35,66.59,241.00,226.32,178.00,161.84,182.00,245.41,81.00,62.00,104.00,87.25,37.00,25.73,14.52,7.36,11.23,9.63,12.00,19.02,5955.50,5595.20,11.51,12.35,27.00,16.23,3.00,0.00,21.00,26.58,0.00,0.00,11.51,11.98,81.00,82.34,0.00,0.00,132.00,168.17,142.00,118.00,273.00,281.00,1653.30,1736.24,1001.41,953.59,411.26,355.83,406.87,542.70,42.49,42.19,107.45,169.56,202.11,247.37,54.15,55.03,68.00,70.39,6.00,12.00,2.00,3.00,43.07,57.76,58.19,65.88,3.75,4.82,15.57,22.48,26.00,25.30,105.00,106.48
2010,2.29,2.73,-6.23,-6.31,5.06,5.62,11.50,12.25,-2.27,-1.28,66.05,66.58,232.00,226.37,155.00,161.93,182.00,245.36,64.00,61.64,98.00,86.93,20.00,25.46,7.67,7.30,9.59,9.61,8.00,19.21,5736.73,5586.30,9.32,12.42,12.00,16.31,0.00,0.00,25.00,26.79,0.00,0.00,9.04,12.03,57.00,82.23,0.00,0.00,154.00,168.33,106.00,117.91,259.00,281.00,1509.02,1736.38,798.82,953.60,281.60,356.64,465.85,542.06,24.01,41.52,171.07,169.84,225.01,247.76,50.10,54.48,64.00,70.18,10.00,12.00,2.00,3.00,47.40,57.81,60.60,65.95,4.83,4.82,11.93,22.54,33.00,25.40,94.00,106.39
2011,,2.76,,-6.23,,5.63,,12.26,,-1.27,,66.57,,226.42,,162.02,,245.31,,61.27,,86.60,,25.20,,7.23,,9.59,,19.39,,5577.41,,12.49,,16.38,,0.00,,27.00,,0.00,,12.09,,82.12,,0.00,,168.50,,117.82,,281.00,,1736.52,,953.62,,357.45,,541.41,,40.86,,170.12,,248.15,,53.94,,69.98,,12.00,,3.00,,57.86,,66.01,,4.81,,22.61,,25.50,,106.30
