Station:,"54,-118.5593",,,,Station ID:,4,,Begin Yr:,1949,,,,,,,,,,,,,,,,,,,,,,,,,,,,,,,,,,,,,,,,,,,,,,,,,,,,,,,,,,,,,,,,,,,,,,,,,,,,,,,
Lat:,54,Lon:,-118.5593033,,Country:,Canada,,End Yr:,2011,,,,,,,,,,,,,,,,,,,,,,,,,,,,,,,,,,,,,,,,,,,,,,,,,,,,,,,,,,,,,,,,,,,,,,,,,,,,,,,
Trend (/yr):,,,,,,,,,,,,,,,,,,,,,,,,,,,,,,,,,,,,,,,,,,,,,,,,,,,,,,,,,,,,,,,,,,,,,,,,,,,,,,,,,,,,,,,,
Significance:,,,,,,,,,,,,,,,,,,,,,,,,,,,,,,,,,,,,,,,,,,,,,,,,,,,,,,,,,,,,,,,,,,,,,,,,,,,,,,,,,,,,,,,,
Year,01TMEAN,01TMEAN Trendline,02TWinter,02TWinter Trendline,03TSpring,03TSpring Trendline,04TSummer,04TSummer Trendline,05TFall,05TFall Trendline,06TRange,06TRange Trendline,21FrostDays,21FrostDays Trendline,22FrostLast,22FrostLast Trendline,23FrostFirst,23FrostFirst Trendline,24IceDays,24IceDays Trendline,25Tmin10,25Tmin10 Trendline,26Tmin20,26Tmin20 Trendline,27ColdNights,27ColdNights Trendline,28ColdDays,28ColdDays Trendline,29ColdSpell,29ColdSpell Trendline,30HeatingDD,30HeatingDD Trendline,40Tmax90,40Tmax90 Trendline,41SummerDays,41SummerDays Trendline,42Tmax30,42Tmax30 Trendline,43HWDI,43HWDI Trendline,44TropNight,44TropNight Trendline,45Tmin90,45Tmin90 Trendline,46FrostFree,46FrostFree Trendline,47CoolingDD,47CoolingDD Trendline,61GSL,61GSL Trendline,62GSLBegin,62GSLBegin Trendline,63GSLEnd,63GSLEnd Trendline,64GDD0,64GDD0 Trendline,65GDD5,65GDD5 Trendline,66GDD10,66GDD10 Trendline,81PAnnual,81PAnnual Trendline,82PWinter,82PWinter Trendline,83PSpring,83PSpring Trendline,84PSummer,84PSummer Trendline,85PFall,85PFall Trendline,86Pge2,86Pge2 Trendline,87Pge10,87Pge10 Trendline,88Pge20,88Pge20 Trendline,89P3days,89P3days Trendline,90P5days,90P5days Trendline,91SDPI,91SDPI Trendline,92Pge95,92Pge95 Trendline,93DryPeriod,93DryPeriod Trendline,94PDays1,94PDays1 Trendline
1949,,,,,,,,,,,,,,,,,,,,,,,,,,,,,,,,,,,,,,,,,,,,,,,,,,,,,,,,,,,,,,,,,,,,,,,,,,,,,,,,,,,,,,,,
1950,-2.27,-0.27,-18.89,-12.70,3.20,3.57,11.74,11.08,-7.25,-3.72,80.64,68.69,249.00,224.68,158.00,159.00,227.00,247.83,126.00,110.46,151.00,111.00,70.00,49.50,19.18,13.75,13.70,10.92,0.00,11.00,7400.70,6670.52,9.59,7.76,15.00,6.00,0.00,0.00,26.00,18.71,0.00,0.00,1.10,6.21,68.00,90.45,0.00,0.00,142.00,142.09,128.00,130.63,269.00,273.00,1534.39,1470.47,842.78,757.28,291.57,243.06,534.56,671.85,75.83,121.00,120.70,148.26,169.43,246.25,153.90,131.51,102.00,104.20,6.00,12.07,0.00,2.00,28.55,49.97,37.73,57.25,4.52,4.94,8.23,18.74,23.00,18.34,118.00,132.21
1951,-1.86,-0.24,-15.58,-12.60,4.24,3.58,10.78,11.07,-6.44,-3.70,68.05,68.63,243.00,224.77,178.00,159.00,235.00,247.67,133.00,109.77,138.00,110.63,66.00,49.13,23.56,13.70,14.79,10.88,0.00,11.33,7247.68,6658.84,7.67,7.85,3.00,6.00,0.00,0.00,7.00,19.02,0.00,0.00,1.92,6.25,56.00,90.25,0.00,0.00,142.00,142.05,124.00,130.70,265.00,273.00,1394.90,1469.27,713.65,756.70,186.53,242.99,587.56,669.80,110.48,120.01,90.67,148.45,252.24,246.11,148.87,130.53,111.00,103.80,8.00,12.04,1.00,2.00,47.67,49.97,57.19,57.24,4.61,4.92,10.57,18.80,21.00,18.41,127.00,132.04
1952,0.94,-0.21,-13.80,-12.50,4.86,3.59,10.94,11.07,-0.19,-3.68,68.97,68.56,218.00,224.85,169.00,159.00,241.00,247.50,99.00,109.08,109.00,110.25,39.00,48.77,10.96,13.64,6.03,10.83,0.00,11.67,6227.07,6647.16,10.68,7.95,6.00,6.00,0.00,0.00,33.00,19.33,0.00,0.00,6.85,6.28,71.00,90.04,0.00,0.00,177.00,142.00,127.00,130.78,303.00,273.00,1680.08,1468.07,836.67,756.12,217.58,242.93,473.12,667.75,79.22,119.03,118.92,148.64,245.81,245.96,29.17,129.56,82.00,103.40,6.00,12.00,1.00,2.00,46.68,49.97,51.44,57.24,5.09,4.91,8.63,18.87,25.00,18.48,93.00,131.87
1953,0.95,-0.17,-10.69,-12.40,3.38,3.59,10.87,11.07,-0.68,-3.66,72.50,68.50,216.00,224.93,145.00,159.00,260.00,247.33,88.00,108.39,102.00,109.88,25.00,48.40,6.58,13.59,8.77,10.79,7.00,12.00,6223.74,6635.48,6.85,8.04,6.00,6.00,0.00,0.00,6.00,19.64,0.00,0.00,4.38,6.32,114.00,89.84,0.00,0.00,136.00,141.95,131.00,130.85,266.00,273.00,1385.06,1466.87,707.60,755.54,190.28,242.86,663.66,665.71,169.79,118.05,150.60,148.83,249.09,245.81,64.29,128.58,121.00,103.00,11.00,11.96,1.00,2.00,49.38,49.97,50.87,57.24,4.99,4.90,13.74,18.93,13.00,18.55,133.00,131.70
1954,-0.81,-0.14,-12.49,-12.30,-0.06,3.60,10.20,11.06,-0.45,-3.64,67.86,68.44,218.00,225.01,167.00,159.00,259.00,247.17,114.00,107.70,110.00,109.50,45.00,48.03,16.16,13.53,14.52,10.75,31.00,12.33,6865.41,6623.80,5.48,8.13,0.00,6.00,0.00,0.00,27.00,19.95,0.00,0.00,6.30,6.36,91.00,89.63,0.00,0.00,136.00,141.91,135.00,130.93,270.00,273.00,1283.39,1465.66,619.53,754.96,108.41,242.80,700.94,663.66,158.14,117.06,239.48,149.02,239.98,245.66,78.00,127.60,117.00,102.60,12.00,11.93,1.00,2.00,38.18,49.97,47.76,57.24,5.29,4.89,7.68,18.99,23.00,18.63,132.00,131.53
1955,-1.85,-0.11,-11.80,-12.20,2.21,3.61,11.35,11.06,-9.39,-3.62,73.15,68.38,246.00,225.10,159.00,159.00,252.00,247.00,126.00,107.01,128.00,109.13,73.00,47.67,20.00,13.48,16.71,10.70,8.00,12.67,7251.31,6612.12,8.22,8.22,12.00,6.00,0.00,0.00,16.00,20.26,0.00,0.00,4.38,6.39,92.00,89.43,0.02,0.00,113.00,141.86,158.00,131.00,270.00,273.00,1245.52,1464.46,703.44,754.38,242.25,242.74,729.07,661.61,103.97,116.08,180.59,149.21,244.12,245.51,190.38,126.62,114.00,102.20,14.00,11.89,3.00,2.00,58.46,49.97,64.84,57.23,5.06,4.88,20.82,19.05,22.00,18.70,143.00,131.36
1956,-0.33,-0.08,-15.72,-12.10,4.29,3.61,11.70,11.05,-4.66,-3.61,69.82,68.32,224.00,225.18,133.00,159.00,245.00,246.83,109.00,106.32,107.00,108.75,61.00,47.30,14.79,13.42,16.16,10.66,24.00,13.00,6697.84,6600.44,12.33,8.31,14.00,6.00,0.00,0.00,27.00,20.57,0.00,0.00,7.95,6.43,111.00,89.22,0.00,0.00,135.00,141.82,133.00,131.07,267.00,273.00,1510.69,1463.26,854.55,753.80,312.78,242.67,595.70,659.57,123.18,115.10,104.94,149.41,207.60,245.37,182.84,125.65,99.00,101.80,11.00,11.86,1.00,2.00,40.76,49.97,44.95,57.23,4.64,4.87,12.48,19.12,21.00,18.77,126.00,131.19
1957,-0.47,-0.05,-12.81,-12.00,4.48,3.62,9.74,11.05,-2.51,-3.59,63.88,68.26,229.00,225.26,145.00,159.00,237.00,246.67,115.00,105.63,121.00,108.38,43.00,46.93,15.07,13.37,8.77,10.62,0.00,13.33,6743.35,6588.76,4.38,8.40,0.00,6.00,0.00,0.00,15.00,20.89,0.00,0.00,3.01,6.47,91.00,89.01,0.00,0.00,159.00,141.77,117.00,131.15,275.00,273.00,1488.10,1462.06,721.45,753.23,106.71,242.61,758.37,657.52,97.84,114.11,106.94,149.60,332.64,245.22,204.33,124.67,111.00,101.40,17.00,11.82,4.00,2.00,51.67,49.97,81.15,57.23,5.31,4.86,26.92,19.18,14.00,18.84,141.00,131.01
1958,0.95,-0.02,-10.51,-11.90,4.76,3.63,11.73,11.05,-3.68,-3.57,63.86,68.19,234.00,225.34,163.00,159.00,246.00,246.50,108.00,104.94,104.00,108.00,32.00,46.57,10.68,13.32,5.48,10.57,9.00,13.67,6224.14,6577.08,11.23,8.49,14.00,6.00,0.00,0.00,32.00,21.20,0.00,0.00,2.47,6.50,82.00,88.81,0.00,0.00,139.00,141.73,124.00,131.22,262.00,273.00,1548.78,1460.86,858.42,752.65,289.47,242.54,458.32,655.47,113.88,113.13,88.90,149.79,147.89,245.07,106.04,123.69,85.00,101.00,3.00,11.78,1.00,2.00,42.07,49.97,46.97,57.23,3.59,4.85,8.49,19.24,22.00,18.92,125.00,130.84
1959,-0.52,0.02,-12.19,-11.80,3.32,3.64,9.66,11.04,-3.22,-3.55,67.10,68.13,250.00,225.42,167.00,159.00,217.00,246.33,95.00,104.25,103.00,107.63,44.00,46.20,21.10,13.26,11.23,10.53,24.00,14.00,6760.91,6565.40,5.21,8.58,9.00,6.00,1.00,0.00,0.00,21.51,0.00,0.00,4.66,6.54,49.00,88.60,0.00,0.00,145.00,141.68,133.00,131.30,277.00,273.00,1271.15,1459.66,587.84,752.07,126.78,242.48,705.53,653.42,118.24,112.14,170.95,149.98,271.80,244.92,155.40,122.71,112.00,100.60,12.00,11.75,3.00,2.00,68.26,49.97,74.92,57.22,4.70,4.84,19.84,19.30,22.00,18.99,148.00,130.67
1960,0.56,0.05,-10.90,-11.70,3.44,3.64,11.37,11.04,-2.82,-3.53,68.01,68.07,245.00,225.51,168.00,159.00,239.00,246.17,103.00,103.56,106.00,107.25,40.00,45.83,13.15,13.21,3.29,10.49,0.00,14.33,6367.35,6553.72,10.96,8.68,13.00,6.00,0.00,0.00,19.00,21.82,0.00,0.00,4.66,6.58,70.00,88.40,0.00,0.00,146.00,141.64,145.00,131.37,290.00,273.00,1380.01,1458.46,681.92,751.49,232.87,242.41,627.52,651.38,80.13,111.16,248.94,150.17,189.06,244.77,115.83,121.73,89.00,100.20,16.00,11.71,3.00,2.00,74.31,49.97,88.96,57.22,4.84,4.83,33.55,19.37,19.00,19.06,127.00,130.50
1961,0.59,0.08,-7.86,-11.60,5.24,3.65,11.57,11.03,-6.49,-3.51,69.49,68.01,241.00,225.59,179.00,159.00,244.00,246.00,108.00,102.87,111.00,106.88,35.00,45.47,12.60,13.15,8.22,10.44,9.00,14.67,6356.27,6542.04,12.60,8.77,25.00,6.00,0.00,0.00,36.00,22.13,0.00,0.00,5.21,6.61,64.00,88.19,0.00,0.00,133.00,141.59,136.00,131.44,268.00,273.00,1556.50,1457.26,906.42,750.91,350.51,242.35,667.25,649.33,97.20,110.18,159.82,150.36,190.04,244.62,211.39,120.76,94.00,99.80,16.00,11.67,2.00,2.00,39.51,49.97,43.77,57.22,5.11,4.82,26.47,19.43,13.00,19.13,127.00,130.33
1962,0.23,0.11,-12.46,-11.50,3.57,3.66,9.95,11.03,-0.38,-3.49,62.35,67.95,248.00,225.67,164.00,159.00,185.00,245.83,99.00,102.18,97.00,106.50,47.00,45.10,16.71,13.10,6.85,10.40,6.00,15.00,6486.26,6530.36,9.59,8.86,4.00,6.00,0.00,0.00,12.00,22.44,0.00,0.00,5.21,6.65,51.00,87.99,0.00,0.00,137.00,141.54,141.00,131.52,277.00,273.00,1283.18,1456.06,622.11,750.33,140.99,242.29,622.05,647.28,117.96,109.19,136.56,150.56,239.87,244.48,86.75,119.78,86.00,99.40,9.00,11.64,2.00,2.00,59.83,49.97,61.81,57.22,4.83,4.81,18.97,19.49,13.00,19.20,124.00,130.16
1963,0.75,0.14,-9.95,-11.40,3.14,3.66,11.49,11.02,-3.46,-3.48,64.54,67.89,235.00,225.75,179.00,159.00,237.00,245.67,89.00,101.49,105.00,106.13,35.00,44.73,15.34,13.04,6.85,10.35,21.00,15.33,6297.15,6518.68,8.22,8.95,5.00,6.00,0.00,0.00,33.00,22.75,0.00,0.00,7.40,6.68,57.00,87.78,0.00,0.00,153.00,141.50,138.00,131.59,290.00,273.00,1612.51,1454.85,860.78,749.75,254.69,242.22,641.54,645.23,183.65,108.21,121.10,150.75,259.10,244.33,121.11,118.80,107.00,99.00,12.00,11.60,1.00,2.00,45.42,49.97,49.91,57.21,4.36,4.80,13.48,19.56,13.00,19.28,144.00,129.99
1964,-0.39,0.18,-7.65,-11.30,2.93,3.67,9.50,11.02,-4.95,-3.46,68.98,67.83,239.00,225.84,146.00,159.00,236.00,245.50,109.00,100.80,108.00,105.75,44.00,44.37,12.88,12.99,10.14,10.31,22.00,15.67,6716.32,6507.00,5.21,9.04,2.00,6.00,0.00,0.00,0.00,23.07,0.00,0.00,5.48,6.72,89.00,87.58,0.00,0.00,114.00,141.45,135.00,131.67,248.00,273.00,1162.38,1453.65,601.47,749.17,146.05,242.16,742.27,643.19,111.81,107.23,179.38,150.94,311.72,244.18,144.91,117.82,99.00,98.60,18.00,11.56,3.00,2.00,64.69,49.97,71.73,57.21,4.75,4.78,24.97,19.62,14.00,19.35,151.00,129.82
1965,-0.44,0.21,-12.98,-11.20,2.44,3.68,10.74,11.02,-2.35,-3.44,70.26,67.76,226.00,225.92,173.00,159.00,247.00,245.33,117.00,100.11,116.00,105.38,55.00,44.00,15.89,12.93,15.07,10.27,18.00,16.00,6740.12,6495.32,7.95,9.13,6.00,6.00,0.00,0.00,33.00,23.38,0.00,0.00,11.23,6.76,73.00,87.37,0.00,0.00,112.00,141.41,141.00,131.74,252.00,273.00,1299.54,1452.45,749.13,748.59,301.46,242.09,858.87,641.14,167.54,106.24,162.14,151.13,449.22,244.03,78.90,116.85,113.00,98.20,18.00,11.53,6.00,2.00,83.83,49.97,118.02,57.21,5.94,4.77,33.75,19.68,16.00,19.42,142.00,129.65
1966,-0.98,0.24,-15.08,-11.10,2.88,3.69,10.85,11.01,-5.43,-3.42,71.86,67.70,225.00,226.00,156.00,159.00,223.00,245.17,108.00,99.42,136.00,105.00,67.00,43.63,15.62,12.88,16.99,10.22,7.00,16.33,6929.76,6483.64,8.22,9.22,3.00,6.00,0.00,0.00,24.00,23.69,0.00,0.00,5.48,6.79,66.00,87.16,0.00,0.00,160.00,141.36,122.00,131.81,281.00,273.00,1497.03,1451.25,735.11,748.01,209.24,242.03,708.83,639.09,112.72,105.26,157.57,151.32,322.29,243.88,115.94,115.87,99.00,97.80,19.00,11.49,3.00,2.00,66.42,49.97,69.71,57.21,5.45,4.76,26.54,19.74,13.00,19.49,128.00,129.47
1967,0.73,0.27,-10.44,-11.00,2.24,3.69,13.31,11.01,-2.65,-3.40,67.20,67.64,226.00,226.08,162.00,159.00,275.00,245.00,94.00,98.73,117.00,104.63,52.00,43.27,11.78,12.82,10.14,10.18,17.00,16.67,6314.76,6471.96,11.51,9.32,18.00,6.00,0.00,0.00,20.00,24.00,0.00,0.00,9.04,6.83,112.00,86.96,0.00,0.00,141.00,141.32,134.00,131.89,274.00,273.00,1658.64,1450.05,966.01,747.43,377.48,241.97,505.33,637.05,113.45,104.27,167.19,151.51,97.70,243.74,106.21,114.89,86.00,97.40,5.00,11.46,0.00,2.00,29.07,49.97,29.71,57.20,4.07,4.75,5.73,19.81,18.00,19.57,121.00,129.30
1968,-0.81,0.30,-9.91,-10.90,2.61,3.70,9.55,11.00,-4.01,-3.38,78.88,67.58,244.00,226.16,172.00,159.00,218.00,244.83,91.00,98.04,114.00,104.25,53.00,42.90,15.07,12.77,13.70,10.14,18.00,17.00,6868.70,6460.28,9.86,9.41,3.00,6.00,0.00,0.00,31.00,24.31,0.00,0.00,2.74,6.87,45.00,86.75,0.00,0.00,126.00,141.27,136.00,131.96,261.00,273.00,1166.70,1448.85,553.11,746.85,119.27,241.90,621.77,635.00,105.11,103.29,169.72,151.71,273.91,243.59,82.92,113.91,94.00,97.00,11.00,11.42,3.00,2.00,49.97,49.97,54.33,57.20,4.41,4.74,20.77,19.87,19.00,19.64,138.00,129.13
1969,-0.50,0.34,-18.13,-10.80,5.22,3.71,9.68,11.00,-1.86,-3.37,76.79,67.52,240.00,226.25,164.00,159.00,248.00,244.67,75.00,97.35,120.00,103.88,59.00,42.53,17.53,12.71,12.88,10.09,14.00,17.33,6756.07,6448.60,9.32,9.50,3.00,6.00,0.00,0.00,11.00,24.62,0.00,0.00,4.66,6.90,83.00,86.55,0.00,0.00,142.00,141.23,127.00,132.04,268.00,273.00,1358.20,1447.65,690.23,746.27,187.86,241.84,528.08,632.95,86.62,102.31,103.63,151.90,292.18,243.44,60.66,112.93,79.00,96.60,11.00,11.38,1.00,2.00,64.99,49.97,67.35,57.20,5.00,4.73,16.53,19.93,33.00,19.71,102.00,128.96
1970,-0.07,0.37,-9.74,-10.70,3.60,3.71,10.99,11.00,-5.71,-3.35,73.89,67.46,239.00,226.33,162.00,159.00,253.00,244.50,92.00,96.66,115.00,103.50,44.00,42.17,12.33,12.66,8.77,10.05,0.00,17.67,6597.98,6436.92,12.33,9.59,12.00,6.00,0.00,0.00,16.00,24.93,0.00,0.00,2.19,6.94,90.00,86.34,0.00,0.00,112.00,141.18,140.00,132.11,251.00,273.00,1294.92,1446.45,738.69,745.69,276.00,241.77,472.39,630.90,74.95,101.32,108.41,152.09,184.14,243.29,104.23,111.96,76.00,96.20,8.00,11.35,0.00,2.00,31.55,49.97,39.98,57.20,4.36,4.72,7.94,19.99,18.00,19.78,105.00,128.79
1971,0.04,0.40,-10.16,-10.60,4.12,3.72,11.72,10.99,-5.09,-3.33,70.30,67.39,215.00,226.41,136.00,159.00,258.00,244.33,107.00,95.97,116.00,103.13,50.00,41.80,9.59,12.60,13.15,10.01,9.00,18.00,6578.19,6425.24,7.95,9.68,10.00,6.00,1.00,0.00,8.00,25.25,0.00,0.00,10.96,6.98,121.00,86.14,2.58,0.00,148.00,141.13,120.00,132.18,267.00,273.00,1571.30,1445.25,855.08,745.11,316.85,241.71,804.15,628.86,146.01,100.34,223.10,152.28,273.28,243.14,154.83,110.98,106.00,95.80,23.00,11.31,6.00,2.00,70.10,49.97,94.21,57.19,5.97,4.71,29.06,20.06,22.00,19.86,133.00,128.62
1972,-1.06,0.43,-14.80,-10.50,4.47,3.73,10.29,10.99,-5.87,-3.31,71.70,67.33,230.00,226.49,145.00,159.00,249.00,244.17,128.00,95.28,124.00,102.75,55.00,41.43,14.25,12.55,15.62,9.96,15.00,18.33,6959.62,6413.56,6.03,9.77,4.00,6.00,0.00,0.00,14.00,25.56,0.00,0.00,7.40,7.01,103.00,85.93,0.00,0.00,132.00,141.09,128.00,132.26,259.00,273.00,1427.89,1444.05,778.75,744.54,244.17,241.65,763.11,626.81,176.67,99.36,200.76,152.47,237.55,243.00,148.46,110.00,116.00,95.40,11.00,11.27,3.00,2.00,108.80,49.97,116.73,57.19,4.93,4.70,25.05,20.12,20.00,19.93,153.00,128.45
1973,0.49,0.46,-8.33,-10.40,4.38,3.74,11.02,10.98,-5.93,-3.29,60.61,67.27,237.00,226.58,162.00,159.00,229.00,244.00,93.00,94.59,92.00,102.38,32.00,41.07,8.77,12.49,9.59,9.92,29.00,18.67,6390.20,6401.88,5.21,9.86,6.00,6.00,0.00,0.00,12.00,25.87,0.00,0.00,7.12,7.05,66.00,85.73,0.00,0.00,143.00,141.04,131.00,132.33,273.00,273.00,1420.72,1442.84,746.73,743.96,241.63,241.58,593.97,624.76,98.49,98.37,122.95,152.67,208.48,242.85,171.25,109.02,92.00,95.00,10.00,11.24,2.00,2.00,43.58,49.97,43.58,57.19,4.52,4.69,15.93,20.18,15.00,20.00,128.00,128.28
1974,0.96,0.49,-11.59,-10.30,3.57,3.74,10.50,10.98,0.15,-3.27,65.15,67.21,225.00,226.66,151.00,159.00,248.00,243.83,87.00,93.90,92.00,102.00,28.00,40.70,7.67,12.44,9.86,9.88,26.00,19.00,6221.46,6390.20,7.12,9.95,3.00,6.00,0.00,0.00,21.00,26.18,0.00,0.00,7.12,7.09,96.00,85.52,0.00,0.00,109.00,141.00,140.00,132.41,248.00,273.00,1122.27,1441.64,591.27,743.38,167.70,241.52,553.15,622.71,213.59,97.39,97.63,152.86,157.99,242.70,84.07,108.05,91.00,94.60,9.00,11.20,0.00,2.00,43.85,49.97,51.32,57.19,4.24,4.68,11.32,20.25,21.00,20.07,125.00,128.11
1975,0.16,0.53,-10.67,-10.20,2.34,3.75,11.35,10.98,-3.38,-3.25,66.16,67.15,213.00,226.74,146.00,159.00,254.00,243.67,106.00,93.21,108.00,101.63,43.00,40.33,9.59,12.38,13.42,9.83,26.00,19.33,6525.74,6378.52,7.12,10.05,6.00,6.00,0.00,0.00,14.00,26.49,0.00,0.00,11.51,7.12,107.00,85.32,0.41,0.00,150.00,140.95,128.00,132.48,277.00,273.00,1510.33,1440.44,787.09,742.80,241.39,241.45,641.57,620.67,91.31,96.41,143.09,153.05,199.43,242.55,187.89,107.07,89.00,94.20,10.00,11.16,5.00,2.00,53.50,49.97,56.35,57.18,4.52,4.67,27.24,20.31,15.00,20.14,138.00,127.93
1976,2.55,0.56,-7.06,-10.10,4.98,3.76,11.21,10.97,0.79,-3.24,62.45,67.09,197.00,226.82,155.00,159.00,274.00,243.50,64.00,92.52,68.00,101.25,17.00,39.97,2.74,12.33,7.67,9.79,37.00,19.67,5639.71,6366.84,13.97,10.14,0.00,6.00,0.00,0.00,64.00,26.80,0.00,0.00,18.90,7.16,118.00,85.11,0.00,0.00,179.00,140.91,96.00,132.56,274.00,273.00,1649.29,1439.24,816.76,742.22,233.99,241.39,642.98,618.62,122.89,95.42,120.30,153.24,327.31,242.40,82.52,106.09,89.00,93.80,11.00,11.13,3.00,2.00,67.13,49.97,77.28,57.18,4.86,4.66,16.16,20.37,15.00,20.22,128.00,127.76
1977,1.72,0.59,-2.98,-10.00,5.07,3.76,9.77,10.97,-4.57,-3.22,66.46,67.02,201.00,226.90,162.00,159.00,243.00,243.33,70.00,91.83,74.00,100.88,22.00,39.60,7.40,12.27,10.14,9.75,51.00,20.00,5942.80,6355.16,11.51,10.23,0.00,6.00,0.00,0.00,42.00,27.11,0.00,0.00,15.07,7.20,80.00,84.90,0.00,0.00,163.00,140.86,112.00,132.63,274.00,273.00,1444.82,1438.04,678.51,741.64,175.86,241.33,771.27,616.57,53.09,94.44,280.03,153.43,321.98,242.25,125.10,105.11,99.00,93.40,18.00,11.09,9.00,2.00,76.73,49.97,76.73,57.18,5.53,4.64,37.10,20.43,23.00,20.29,136.00,127.59
1978,1.38,0.62,-9.80,-9.90,4.86,3.77,11.38,10.96,-1.05,-3.20,60.82,66.96,208.00,226.99,149.00,159.00,231.00,243.17,91.00,91.14,84.00,100.50,40.00,39.23,3.84,12.22,5.75,9.70,27.00,20.33,6072.65,6343.48,7.12,10.32,6.00,6.00,0.00,0.00,6.00,27.43,0.00,0.00,13.42,7.23,81.00,84.70,0.00,0.00,162.00,140.82,133.00,132.70,294.00,273.00,1635.84,1436.84,860.16,741.06,295.08,241.26,666.77,614.53,48.96,93.45,200.26,153.62,324.61,242.11,85.19,104.13,97.00,93.00,16.00,11.05,2.00,2.00,51.36,49.97,58.19,57.18,4.41,4.63,20.56,20.50,16.00,20.36,148.00,127.42
1979,1.43,0.65,-12.76,-9.80,2.57,3.78,12.99,10.96,0.60,-3.18,67.56,66.90,202.00,227.07,157.00,159.00,282.00,243.00,90.00,90.45,89.00,100.13,40.00,38.87,8.22,12.16,9.04,9.66,42.00,20.67,6062.30,6331.80,15.62,10.41,4.00,6.00,0.00,0.00,44.00,27.74,0.00,0.00,17.81,7.27,124.00,84.49,1.79,0.00,173.00,140.77,115.00,132.78,287.00,273.00,1786.79,1435.64,980.88,740.48,353.18,241.20,544.87,612.48,86.65,92.47,161.25,153.82,178.43,241.96,128.41,103.16,85.00,92.60,11.00,11.02,0.00,2.00,32.20,49.97,42.42,57.17,4.12,4.62,8.99,20.56,29.00,20.43,127.00,127.25
1980,1.77,0.69,-8.43,-9.70,6.61,3.79,10.02,10.95,-0.91,-3.16,64.84,66.84,183.00,227.15,157.00,159.00,236.00,242.83,63.00,89.76,78.00,99.75,40.00,38.50,3.56,12.11,8.77,9.61,33.00,21.00,5925.68,6320.12,13.97,10.50,0.00,6.00,0.00,0.00,33.00,28.05,0.00,0.00,18.08,7.31,78.00,84.29,0.00,0.00,192.00,140.72,102.00,132.85,293.00,273.00,1795.85,1434.44,885.40,739.90,240.71,241.13,768.60,610.43,86.54,91.49,240.57,154.01,332.84,241.81,93.10,102.18,106.00,92.20,14.00,10.98,4.00,2.00,90.69,49.97,103.59,57.17,4.97,4.61,29.68,20.62,21.00,20.51,151.00,127.08
1981,3.55,0.72,-3.09,-9.59,4.65,3.79,13.60,10.95,-0.85,-3.14,63.54,66.78,208.00,227.23,130.00,159.00,245.00,242.67,56.00,89.07,58.00,99.38,10.00,38.13,3.01,12.05,4.11,9.57,59.00,21.33,5300.43,6308.44,18.08,10.59,17.00,6.00,0.00,0.00,51.00,28.36,0.00,0.00,22.19,7.34,114.00,84.08,3.61,0.00,130.00,140.68,136.00,132.93,265.00,273.00,1612.17,1433.24,964.71,739.32,410.90,241.07,480.71,608.38,54.51,90.50,164.60,154.20,199.78,241.66,67.74,101.20,67.00,91.80,10.00,10.95,2.00,2.00,42.39,49.97,47.92,57.17,4.19,4.60,15.90,20.68,22.00,20.58,108.00,126.91
1982,-0.46,0.75,-15.43,-9.49,3.31,3.80,11.20,10.95,-2.69,-3.12,63.02,66.72,222.00,227.32,158.00,159.00,256.00,242.50,116.00,88.38,122.00,99.00,56.00,37.77,9.59,12.00,13.97,9.53,6.00,21.67,6743.30,6296.76,4.38,10.68,7.00,6.00,0.00,0.00,9.00,28.67,0.00,0.00,7.12,7.38,97.00,83.88,0.00,0.00,142.00,140.63,134.00,133.00,275.00,273.00,1501.50,1432.03,814.77,738.74,285.13,241.01,805.09,606.34,190.07,89.52,118.72,154.39,416.48,241.51,87.50,100.22,96.00,91.40,21.00,10.91,5.00,2.00,99.30,49.97,103.35,57.17,5.43,4.59,35.19,20.75,22.00,20.65,144.00,126.74
1983,1.38,0.78,-5.66,-9.39,4.68,3.81,11.08,10.94,-4.09,-3.11,62.51,66.65,217.00,227.40,135.00,159.00,251.00,242.33,87.00,87.69,88.00,98.63,26.00,37.40,4.38,11.95,6.85,9.48,21.00,22.00,6071.94,6285.08,7.40,10.78,8.00,6.00,0.00,0.00,32.00,28.98,0.00,0.00,10.14,7.42,115.00,83.67,0.00,0.00,172.00,140.59,106.00,133.07,277.00,273.00,1596.94,1430.83,821.36,738.16,264.99,240.94,628.61,604.29,82.22,88.54,152.98,154.58,304.73,241.37,82.83,99.25,87.00,91.00,10.00,10.87,4.00,2.00,51.17,49.97,57.16,57.16,4.35,4.58,25.63,20.81,16.00,20.72,139.00,126.57
1984,1.06,0.81,-4.95,-9.29,4.18,3.81,11.32,10.94,-6.00,-3.09,69.67,66.59,226.00,227.48,152.00,159.00,245.00,242.17,85.00,87.00,86.00,98.25,32.00,37.03,13.97,11.89,13.42,9.44,49.00,22.33,6197.40,6273.41,12.88,10.87,9.00,6.00,0.00,0.00,33.00,29.29,0.00,0.00,12.05,7.45,92.00,83.47,0.59,0.00,119.00,140.54,145.00,133.15,263.00,273.00,1287.53,1429.63,705.52,737.58,272.30,240.88,641.60,602.24,78.99,87.55,161.90,154.77,289.50,241.22,98.38,98.27,100.00,90.60,11.00,10.84,2.00,2.00,56.81,49.97,78.39,57.16,4.53,4.57,13.19,20.87,25.00,20.80,138.00,126.40
1985,1.11,0.84,-8.43,-9.19,4.59,3.82,10.69,10.93,-5.72,-3.07,71.83,66.53,218.00,227.56,161.00,159.00,249.00,242.00,72.00,86.31,80.00,97.88,34.00,36.67,11.23,11.84,10.96,9.40,55.00,22.67,6173.95,6261.73,11.78,10.96,9.00,6.00,0.00,0.00,38.00,29.61,0.00,0.00,14.52,7.49,87.00,83.26,0.00,0.00,144.00,140.50,133.00,133.22,276.00,273.00,1427.23,1428.43,758.55,737.00,253.23,240.81,496.31,600.19,76.31,86.57,73.54,154.97,263.33,241.07,100.73,97.29,80.00,90.20,7.00,10.80,3.00,2.00,38.59,49.97,45.01,57.16,4.27,4.56,21.28,20.94,22.00,20.87,111.00,126.22
1986,2.29,0.88,-4.60,-9.09,4.40,3.83,10.46,10.93,-1.45,-3.05,64.61,66.47,220.00,227.64,163.00,159.00,249.00,241.83,58.00,85.62,71.00,97.50,19.00,36.30,8.49,11.78,9.86,9.35,40.00,23.00,5733.39,6250.05,14.25,11.05,8.00,6.00,0.00,0.00,70.00,29.92,0.00,0.00,15.62,7.53,85.00,83.05,0.00,0.00,112.00,140.45,143.00,133.30,254.00,273.00,1274.39,1427.23,718.60,736.43,236.52,240.75,575.28,598.15,62.18,85.58,155.35,155.16,250.50,240.92,108.44,96.31,84.00,89.80,15.00,10.76,2.00,2.00,71.94,49.97,78.13,57.15,4.78,4.55,24.68,21.00,27.00,20.94,116.00,126.05
1987,3.69,0.91,-3.96,-8.99,6.02,3.84,11.37,10.93,1.39,-3.03,50.15,66.41,206.00,227.73,142.00,159.00,260.00,241.67,49.00,84.93,53.00,97.13,7.00,35.93,3.29,11.73,5.48,9.31,78.00,23.33,5227.54,6238.37,16.99,11.14,2.00,6.00,0.00,0.00,57.00,30.23,0.00,0.00,16.16,7.56,117.00,82.85,0.00,0.00,170.00,140.41,117.00,133.37,286.00,273.00,1755.96,1426.03,941.18,735.85,307.21,240.69,615.56,596.10,77.84,84.60,112.24,155.35,380.26,240.77,39.15,95.33,67.00,89.40,14.00,10.73,4.00,2.00,144.12,49.97,153.88,57.15,5.97,4.54,34.78,21.06,29.00,21.01,100.00,125.88
1988,2.59,0.94,-6.89,-8.89,5.78,3.84,11.72,10.92,0.20,-3.01,64.61,66.35,207.00,227.81,140.00,159.00,253.00,241.50,62.00,84.24,71.00,96.75,30.00,35.57,3.01,11.67,3.84,9.27,24.00,23.67,5639.95,6226.69,16.44,11.23,9.00,6.00,1.00,0.00,30.00,30.54,0.00,0.00,16.99,7.60,112.00,82.64,1.14,0.00,133.00,140.36,127.00,133.44,259.00,273.00,1521.36,1424.83,860.53,735.27,297.70,240.62,454.22,594.05,99.34,83.62,121.44,155.54,172.98,240.63,60.83,94.36,69.00,89.00,8.00,10.69,2.00,2.00,39.67,49.97,50.63,57.15,4.09,4.53,24.22,21.12,16.00,21.08,105.00,125.71
1989,1.41,0.97,-12.13,-8.79,4.94,3.85,11.11,10.92,-0.66,-3.00,68.42,66.28,213.00,227.89,148.00,159.00,253.00,241.33,79.00,83.55,96.00,96.38,38.00,35.20,10.14,11.62,8.49,9.22,23.00,24.00,6053.89,6215.01,13.42,11.32,6.00,6.00,0.00,0.00,40.00,30.85,0.00,0.00,10.96,7.63,104.00,82.44,0.00,0.00,161.00,140.31,123.00,133.52,283.00,273.00,1604.76,1423.63,852.41,734.69,278.53,240.56,833.78,592.01,141.05,82.63,184.17,155.73,436.06,240.48,74.19,93.38,110.00,88.60,18.00,10.65,5.00,2.00,69.05,49.97,72.42,57.15,5.76,4.52,28.13,21.19,14.00,21.16,141.00,125.54
1990,1.11,1.00,-6.09,-8.69,3.67,3.86,12.87,10.91,-4.47,-2.98,72.37,66.22,225.00,227.97,142.00,159.00,236.00,241.17,80.00,82.86,91.00,96.00,37.00,34.83,11.23,11.56,10.96,9.18,20.00,24.33,6175.62,6203.33,11.51,11.42,11.00,6.00,0.00,0.00,25.00,31.16,0.00,0.00,9.59,7.67,93.00,82.23,0.48,0.00,134.00,140.27,142.00,133.59,275.00,273.00,1578.59,1422.43,917.21,734.11,360.45,240.49,746.96,589.96,90.70,81.65,219.09,155.93,224.30,240.33,189.39,92.40,98.00,88.20,15.00,10.62,5.00,2.00,61.90,49.97,63.43,57.14,5.26,4.50,31.34,21.25,18.00,21.23,137.00,125.37
1991,2.50,1.04,-7.82,-8.59,4.92,3.87,12.08,10.91,-2.03,-2.96,62.93,66.16,213.00,228.06,145.00,159.00,252.00,241.00,65.00,82.17,66.00,95.63,25.00,34.47,6.30,11.51,7.67,9.14,70.00,24.67,5671.14,6191.65,13.70,11.51,9.00,6.00,0.00,0.00,37.00,31.47,0.00,0.00,13.70,7.71,106.00,82.03,0.00,0.00,182.00,140.22,108.00,133.67,289.00,273.00,1768.47,1421.23,916.82,733.53,300.05,240.43,630.29,587.91,79.59,80.67,195.31,156.12,236.37,240.18,148.35,91.42,87.00,87.80,16.00,10.58,5.00,2.00,49.47,49.97,61.36,57.14,4.96,4.49,31.96,21.31,22.00,21.30,123.00,125.20
1992,2.27,1.07,-2.31,-8.49,5.16,3.87,10.13,10.91,-1.92,-2.94,66.87,66.10,225.00,228.14,144.00,159.00,232.00,240.83,72.00,81.48,74.00,95.25,16.00,34.10,12.60,11.45,8.49,9.09,53.00,25.00,5745.49,6179.97,16.16,11.60,4.00,6.00,0.00,0.00,51.00,31.79,0.00,0.00,14.79,7.74,87.00,81.82,0.00,0.00,133.00,140.18,123.00,133.74,255.00,273.00,1329.12,1420.02,732.37,732.95,255.72,240.37,464.74,585.86,39.56,79.68,156.54,156.31,157.72,240.03,85.67,90.45,73.00,87.40,5.00,10.55,0.00,2.00,31.88,49.97,38.52,57.14,3.81,4.48,7.85,21.37,15.00,21.37,114.00,125.03
1993,2.24,1.10,-9.10,-8.39,6.02,3.88,9.68,10.90,-0.13,-2.92,58.78,66.04,219.00,228.22,162.00,159.00,223.00,240.67,65.00,80.79,69.00,94.88,23.00,33.73,5.75,11.40,5.75,9.05,35.00,25.33,5751.13,6168.29,12.05,11.69,2.00,6.00,0.00,0.00,33.00,32.10,0.00,0.00,9.59,7.78,60.00,81.62,0.00,0.00,156.00,140.13,130.00,133.81,285.00,273.00,1473.76,1418.82,717.22,732.37,164.43,240.30,531.73,583.82,87.29,78.70,82.37,156.50,285.98,239.89,90.38,89.47,90.00,87.00,11.00,10.51,0.00,2.00,32.41,49.97,42.24,57.14,4.25,4.47,14.61,21.44,23.00,21.45,121.00,124.86
1994,1.30,1.13,-9.40,-8.29,5.31,3.89,12.08,10.90,-3.22,-2.90,64.34,65.98,213.00,228.30,167.00,159.00,263.00,240.50,87.00,80.10,88.00,94.50,36.00,33.37,8.22,11.34,9.86,9.00,28.00,25.67,6095.90,6156.61,11.51,11.78,8.00,6.00,0.00,0.00,48.00,32.41,0.00,0.00,8.49,7.82,95.00,81.41,0.00,0.00,157.00,140.09,123.00,133.89,279.00,273.00,1608.13,1417.62,862.85,731.79,280.72,240.24,630.59,581.77,134.44,77.72,146.72,156.69,230.54,239.74,121.46,88.49,99.00,86.60,12.00,10.47,2.00,2.00,41.12,49.97,52.00,57.13,4.52,4.46,12.98,21.50,16.00,21.52,134.00,124.68
1995,0.58,1.16,-7.87,-8.19,5.23,3.89,10.15,10.89,-5.61,-2.88,62.48,65.91,233.00,228.38,145.00,159.00,227.00,240.33,95.00,79.41,106.00,94.13,42.00,33.00,11.23,11.29,9.86,8.96,7.00,26.00,6358.00,6144.93,10.14,11.87,0.00,6.00,0.00,0.00,47.00,32.72,0.00,0.00,4.66,7.85,81.00,81.21,0.00,0.00,150.00,140.04,125.00,133.96,274.00,273.00,1509.99,1416.42,776.03,731.21,198.53,240.17,589.37,579.72,53.95,76.73,200.08,156.88,245.04,239.59,98.69,87.51,81.00,86.20,9.00,10.44,3.00,2.00,77.81,49.97,78.82,57.13,4.31,4.45,29.03,21.56,36.00,21.59,131.00,124.51
1996,-2.46,1.20,-11.28,-8.09,0.68,3.90,9.22,10.89,-6.85,-2.87,73.99,65.85,270.00,228.47,180.00,159.00,186.00,240.17,111.00,78.72,137.00,93.75,69.00,32.63,40.00,11.23,19.18,8.92,13.00,26.33,7469.41,6133.25,8.77,11.96,8.00,6.00,0.00,0.00,31.00,33.03,0.00,0.00,2.47,7.89,28.00,81.00,0.00,0.00,111.00,140.00,152.00,134.04,262.00,273.00,1003.67,1415.22,465.52,730.63,104.38,240.11,600.92,577.67,68.66,75.75,226.10,157.08,170.48,239.44,122.68,86.53,91.00,85.80,13.00,10.40,1.00,2.00,65.68,49.97,75.91,57.13,4.34,4.44,10.84,21.62,23.00,21.66,135.00,124.34
1997,0.92,1.23,-11.62,-7.99,3.26,3.91,10.06,10.89,-1.51,-2.85,69.63,65.79,248.00,228.55,181.00,159.00,251.00,240.00,65.00,78.03,98.00,93.38,28.00,32.27,13.70,11.18,10.41,8.87,16.00,26.67,6234.95,6121.57,12.05,12.05,6.00,6.00,0.00,0.00,40.00,33.34,0.00,0.00,3.01,7.93,69.00,80.79,0.00,0.00,147.00,139.95,130.00,134.11,276.00,273.00,1360.15,1414.02,674.72,730.05,155.84,240.04,644.54,575.63,89.35,74.76,122.53,157.27,382.15,239.29,50.05,85.56,85.00,85.40,13.00,10.36,5.00,2.00,101.98,49.96,106.69,57.13,5.08,4.43,33.23,21.69,32.00,21.74,124.00,124.17
1998,1.18,1.26,-8.79,-7.89,5.39,3.92,12.23,10.88,-3.13,-2.83,70.15,65.73,232.00,228.63,157.00,159.00,258.00,239.83,84.00,77.34,112.00,93.00,36.00,31.90,4.38,11.12,4.38,8.83,0.00,27.00,6141.69,6109.89,13.42,12.15,13.00,6.00,0.00,0.00,40.00,33.65,0.00,0.00,2.47,7.96,100.00,80.59,0.00,0.00,166.00,139.90,116.00,134.19,281.00,273.00,1720.69,1412.82,908.33,729.47,297.22,239.98,492.34,573.58,66.91,73.78,144.84,157.46,172.73,239.14,98.40,84.58,85.00,85.00,9.00,10.33,0.00,2.00,38.14,49.96,49.39,57.12,4.16,4.42,13.92,21.75,37.00,21.81,116.00,124.00
1999,0.81,1.29,-9.84,-7.79,2.86,3.92,9.90,10.88,-2.48,-2.81,57.54,65.67,267.00,228.71,162.00,159.00,187.00,239.67,73.00,76.65,115.00,92.63,23.00,31.53,18.90,11.07,8.22,8.79,12.00,27.33,6274.90,6098.21,10.96,12.24,6.00,6.00,0.00,0.00,24.00,33.97,0.00,0.00,3.29,8.00,44.00,80.38,0.00,0.00,107.00,139.86,161.00,134.26,267.00,273.00,1059.37,1411.62,529.46,728.89,150.34,239.92,522.75,571.53,109.96,72.80,128.07,157.65,245.07,239.00,62.57,83.60,90.00,84.60,6.00,10.29,3.00,2.00,60.37,49.96,67.68,57.12,4.22,4.41,17.76,21.81,20.00,21.88,123.00,123.83
2000,0.17,1.32,-7.82,-7.69,2.94,3.93,9.77,10.87,-3.48,-2.79,61.92,65.61,250.00,228.80,163.00,159.00,242.00,239.50,77.00,75.96,118.00,92.25,36.00,31.17,13.70,11.01,10.14,8.74,0.00,27.67,6506.37,6086.53,7.40,12.33,2.00,6.00,0.00,0.00,22.00,34.28,0.00,0.00,2.19,8.04,78.00,80.18,0.00,0.00,124.00,139.81,150.00,134.33,273.00,273.00,1169.24,1410.42,585.53,728.32,160.19,239.85,618.02,569.48,43.35,71.81,208.86,157.84,304.97,238.85,60.04,82.62,87.00,84.20,15.00,10.25,2.00,2.00,46.99,49.96,61.05,57.12,4.47,4.40,22.52,21.88,18.00,21.95,134.00,123.66
2001,0.88,1.35,-6.74,-7.59,2.66,3.94,10.69,10.87,-3.33,-2.77,61.90,65.54,241.00,228.88,169.00,159.00,248.00,239.33,71.00,75.27,107.00,91.88,39.00,30.80,12.60,10.96,7.12,8.70,30.00,28.00,6249.12,6074.85,11.51,12.42,8.00,6.00,0.00,0.00,36.00,34.59,0.00,0.00,3.29,8.07,78.00,79.97,0.00,0.00,139.00,139.77,141.00,134.41,279.00,273.00,1376.23,1409.21,700.81,727.74,187.08,239.79,534.07,567.44,52.92,70.83,141.92,158.03,277.60,238.70,62.43,81.65,76.00,83.80,10.00,10.22,3.00,2.00,75.05,49.96,112.75,57.12,4.49,4.39,27.75,21.94,31.00,22.02,116.00,123.49
2002,1.06,1.39,-10.44,-7.49,2.00,3.94,10.64,10.86,0.35,-2.76,66.62,65.48,229.00,228.96,159.00,159.00,212.00,239.17,87.00,74.58,91.00,91.50,29.00,30.43,16.99,10.90,15.34,8.66,42.00,28.33,6183.31,6063.17,13.97,12.51,10.00,6.00,0.00,0.00,38.00,34.90,0.00,0.00,11.51,8.11,52.00,79.77,0.00,0.00,119.00,139.72,145.00,134.48,263.00,273.00,1253.31,1408.01,676.71,727.16,240.74,239.72,545.40,565.39,92.04,69.85,187.96,158.23,179.44,238.55,79.69,80.67,90.00,83.40,9.00,10.18,0.00,2.00,37.29,49.96,42.34,57.11,4.36,4.38,6.59,22.00,28.00,22.10,121.00,123.32
2003,1.15,1.42,-7.52,-7.39,3.32,3.95,11.22,10.86,-2.25,-2.74,69.14,65.42,232.00,229.04,157.00,159.00,252.00,239.00,87.00,73.89,97.00,91.13,34.00,30.07,11.51,10.85,11.78,8.61,31.00,28.67,6154.05,6051.49,13.15,12.60,9.00,6.00,0.00,0.00,31.00,35.21,0.00,0.00,6.85,8.15,94.00,79.56,0.00,0.00,141.00,139.68,141.00,134.56,281.00,273.00,1500.57,1406.81,819.64,726.58,261.72,239.66,581.32,563.34,100.78,68.86,192.76,158.42,189.75,238.40,100.17,79.69,100.00,83.00,7.00,10.15,2.00,2.00,43.79,49.96,53.07,57.11,3.99,4.36,18.61,22.06,15.00,22.17,142.00,123.14
2004,1.71,1.45,-7.26,-7.29,4.43,3.96,10.38,10.86,-0.98,-2.72,71.50,65.36,235.00,229.12,153.00,159.00,236.00,238.83,66.00,73.20,76.00,90.75,26.00,29.70,13.15,10.79,10.14,8.57,30.00,29.00,5944.23,6039.81,15.89,12.69,6.00,6.00,0.00,0.00,22.00,35.52,0.00,0.00,10.14,8.18,82.00,79.36,0.00,0.00,115.00,139.63,144.00,134.63,258.00,273.00,1193.09,1405.61,639.76,726.00,222.05,239.60,732.43,561.30,45.20,67.88,216.08,158.61,361.87,238.26,95.79,78.71,100.00,82.60,15.00,10.11,4.00,2.00,66.36,49.96,73.91,57.11,5.25,4.35,26.12,22.13,27.00,22.24,137.00,122.97
2005,1.66,1.48,-6.63,-7.19,3.97,3.97,9.29,10.85,-1.47,-2.70,64.54,65.30,234.00,229.21,167.00,159.00,230.00,238.67,60.00,72.51,76.00,90.38,26.00,29.33,12.60,10.74,6.85,8.53,59.00,29.33,5963.71,6028.13,17.26,12.79,2.00,6.00,0.00,0.00,51.00,35.83,0.00,0.00,10.41,8.22,62.00,79.15,0.00,0.00,163.00,139.59,110.00,134.70,272.00,273.00,1328.10,1404.41,582.27,725.42,103.86,239.53,582.31,559.25,102.59,66.89,158.18,158.80,271.71,238.11,66.04,77.73,98.00,82.20,12.00,10.07,1.00,2.00,30.62,49.96,41.46,57.11,4.39,4.34,14.90,22.19,20.00,22.31,130.00,122.80
2006,1.77,1.51,-6.32,-7.09,5.44,3.97,11.73,10.85,-3.86,-2.68,69.20,65.24,228.00,229.29,148.00,159.00,215.00,238.50,89.00,71.82,108.00,90.00,20.00,28.97,11.78,10.68,7.40,8.48,21.00,29.67,5934.35,6016.45,15.89,12.88,15.00,6.00,1.00,0.00,36.00,36.15,0.00,0.00,5.75,8.26,66.00,78.95,0.60,0.00,154.00,139.54,134.00,134.78,287.00,273.00,1628.56,1403.21,907.73,724.84,305.95,239.47,467.88,557.20,37.12,65.91,112.88,158.99,225.82,237.96,93.47,76.76,66.00,81.80,10.00,10.04,3.00,2.00,47.70,49.96,50.60,57.10,5.15,4.33,27.42,22.25,30.00,22.39,89.00,122.63
2007,1.18,1.55,-6.70,-6.99,3.87,3.98,10.88,10.84,-3.55,-2.66,65.34,65.18,245.00,229.37,177.00,159.00,240.00,238.33,86.00,71.13,96.00,89.63,26.00,28.60,10.41,10.63,6.58,8.44,9.00,30.00,6143.96,6004.77,10.68,12.97,8.00,6.00,1.00,0.00,7.00,36.46,0.00,0.00,4.93,8.29,62.00,78.74,0.00,0.00,126.00,139.49,145.00,134.85,270.00,273.00,1311.05,1402.01,690.92,724.26,224.75,239.40,491.22,555.15,66.40,64.93,159.02,159.19,204.62,237.81,60.18,75.78,74.00,81.40,12.00,10.00,1.00,2.00,37.02,49.96,42.29,57.10,4.31,4.32,20.54,22.31,22.00,22.46,111.00,122.46
2008,0.19,1.58,-8.72,-6.89,1.54,3.99,11.00,10.84,-2.81,-2.64,73.05,65.11,248.00,229.45,170.00,159.00,238.00,238.17,77.00,70.44,119.00,89.25,43.00,28.23,21.10,10.58,9.04,8.40,0.00,30.33,6507.27,5993.09,12.05,13.06,15.00,6.00,0.00,0.00,31.00,36.77,0.00,0.00,2.74,8.33,67.00,78.53,0.00,0.00,131.00,139.45,135.00,134.93,265.00,273.00,1323.30,1400.81,677.19,723.68,209.02,239.34,473.75,553.11,62.96,63.94,162.78,159.38,175.51,237.66,67.70,74.80,87.00,81.00,6.00,9.96,1.00,2.00,39.73,49.96,42.73,57.10,3.53,4.31,4.77,22.38,18.00,22.53,131.00,122.29
2009,-0.16,1.61,-10.48,-6.79,1.93,3.99,11.58,10.84,-4.76,-2.63,71.32,65.05,260.00,229.53,181.00,159.00,182.00,238.00,93.00,69.75,120.00,88.88,45.00,27.87,22.74,10.52,12.05,8.35,22.00,30.67,6627.65,5981.41,10.96,13.15,14.00,6.00,0.00,0.00,27.00,37.08,0.00,0.00,3.84,8.37,51.00,78.33,0.00,0.00,111.00,139.40,160.00,135.00,270.00,273.00,1266.27,1399.61,712.06,723.10,249.03,239.28,543.21,551.06,88.74,62.96,117.17,159.57,214.84,237.52,117.55,73.82,79.00,80.60,6.00,9.93,2.00,2.00,121.28,49.96,131.06,57.10,4.26,4.30,25.10,22.44,14.00,22.60,124.00,122.12
2010,0.61,1.64,-6.96,-6.69,3.18,4.00,9.58,10.83,-3.99,-2.61,62.45,64.99,254.00,229.62,168.00,159.00,182.00,237.83,74.00,69.06,111.00,88.50,29.00,27.50,14.25,10.47,7.95,8.31,15.00,31.00,6345.68,5969.73,10.41,13.24,1.00,6.00,0.00,0.00,36.00,37.39,0.00,0.00,3.56,8.40,48.00,78.12,0.00,0.00,154.00,139.36,106.00,135.07,259.00,273.00,1241.01,1398.41,583.72,722.52,157.06,239.21,383.48,549.01,44.49,61.98,86.16,159.76,204.72,237.37,55.05,72.85,67.00,80.20,3.00,9.89,0.00,2.00,24.91,49.96,33.44,57.09,3.47,4.29,8.13,22.50,20.00,22.68,108.00,121.95
2011,,1.67,,-6.59,,4.01,,10.83,,-2.59,,64.93,,229.70,,159.00,,237.67,,68.37,,88.13,,27.13,,10.41,,8.26,,31.33,,5958.05,,13.33,,6.00,,0.00,,37.70,,0.00,,8.44,,77.92,,0.00,,139.31,,135.15,,273.00,,1397.20,,721.94,,239.15,,546.96,,60.99,,159.95,,237.22,,71.87,,79.80,,9.85,,2.00,,49.96,,57.09,,4.28,,22.57,,22.75,,121.78
